interval_begin;interval_end;interval_flow;interval_harmonicMeanSpeed;interval_id;interval_length;interval_nVehContrib;interval_nVehEntered;interval_occupancy;interval_speed
0.00;300.00;1140.00;18.75;loop1_1;5.04;95;96;8.62;18.91
0.00;300.00;1116.00;18.18;loop1_2;5.05;93;93;8.63;18.74
0.00;300.00;1140.00;19.11;loop1_3;5.04;95;95;8.39;19.24
0.00;300.00;312.00;22.21;loop2_1;5.08;26;26;1.99;22.89
0.00;300.00;468.00;19.71;loop2_2;5.05;39;39;3.33;20.17
0.00;300.00;912.00;21.91;loop2_3;5.03;76;76;5.83;22.84
0.00;300.00;1224.00;25.09;loop2_4;5.04;102;102;6.83;26.21
0.00;300.00;312.00;20.71;loop3_1;5.08;26;26;2.12;20.93
0.00;300.00;720.00;26.42;loop4_1;5.04;60;60;3.81;26.77
0.00;300.00;1068.00;27.19;loop4_2;5.05;89;90;5.57;27.42
0.00;300.00;1440.00;29.42;loop4_3;5.04;120;120;6.84;29.53
0.00;300.00;432.00;28.53;loop5_1;5.06;36;36;2.13;28.72
0.00;300.00;696.00;26.32;loop5_2;5.04;58;59;3.72;26.61
0.00;300.00;1080.00;26.13;loop5_3;5.05;90;90;5.80;27.52
0.00;300.00;1440.00;29.49;loop5_4;5.04;120;120;6.83;29.61
0.00;300.00;444.00;21.18;loop6_1;5.06;37;37;2.94;21.43
0.00;300.00;312.00;29.10;loop7_1;5.00;26;26;1.49;29.47
0.00;300.00;96.00;31.91;loop7_2;5.26;8;8;0.44;31.99
0.00;300.00;0.00;-1.00;loop7_3;-1.00;0;0;0.00;-1.00
0.00;300.00;0.00;-1.00;loop8_1;-1.00;0;0;0.00;-1.00
0.00;300.00;996.00;27.35;loop8_2;5.03;83;83;5.08;27.63
0.00;300.00;1104.00;28.60;loop8_3;5.07;92;92;5.44;28.79
0.00;300.00;1344.00;31.19;loop8_4;5.04;112;112;6.03;31.32
300.00;600.00;1164.00;18.50;loop1_1;5.04;97;98;8.85;18.66
300.00;600.00;1140.00;18.37;loop1_2;5.09;95;98;8.92;18.56
300.00;600.00;1248.00;17.60;loop1_3;5.02;104;104;9.90;18.99
300.00;600.00;96.00;20.43;loop2_1;5.00;8;8;0.65;20.87
300.00;600.00;744.00;21.08;loop2_2;5.10;62;62;5.01;21.77
300.00;600.00;1128.00;23.81;loop2_3;5.04;94;94;6.64;24.51
300.00;600.00;1584.00;28.55;loop2_4;5.02;132;132;7.73;28.90
300.00;600.00;96.00;17.84;loop3_1;5.00;8;8;0.75;18.02
300.00;600.00;1008.00;27.02;loop4_1;5.10;84;84;5.30;27.18
300.00;600.00;1368.00;27.91;loop4_2;5.04;114;115;6.89;28.02
300.00;600.00;1812.00;30.09;loop4_3;5.01;151;151;8.39;30.19
300.00;600.00;168.00;29.23;loop5_1;5.00;14;15;0.84;29.40
300.00;600.00;1020.00;27.29;loop5_2;5.10;85;85;5.30;27.47
300.00;600.00;1356.00;28.07;loop5_3;5.04;113;113;6.76;28.19
300.00;600.00;1764.00;30.18;loop5_4;5.01;147;147;8.14;30.26
300.00;600.00;168.00;21.08;loop6_1;5.00;14;14;1.11;21.27
300.00;600.00;156.00;30.03;loop7_1;5.00;13;13;0.72;30.21
300.00;600.00;36.00;33.38;loop7_2;5.00;3;3;0.15;33.47
300.00;600.00;0.00;-1.00;loop7_3;-1.00;0;0;0.00;-1.00
300.00;600.00;0.00;-1.00;loop8_1;-1.00;0;0;0.00;-1.00
300.00;600.00;1104.00;27.90;loop8_2;5.07;92;92;5.57;28.12
300.00;600.00;1368.00;28.91;loop8_3;5.04;114;114;6.62;29.06
300.00;600.00;1668.00;31.45;loop8_4;5.02;139;139;7.39;31.54
600.00;900.00;1188.00;18.20;loop1_1;5.06;99;99;9.23;18.40
600.00;900.00;1176.00;17.53;loop1_2;5.04;98;98;9.42;18.20
600.00;900.00;1188.00;18.67;loop1_3;5.08;99;100;9.13;18.87
600.00;900.00;24.00;24.81;loop2_1;5.00;2;2;0.13;24.88
600.00;900.00;708.00;19.01;loop2_2;5.11;59;59;5.29;19.53
600.00;900.00;1188.00;20.39;loop2_3;5.02;99;99;8.14;21.08
600.00;900.00;1596.00;23.29;loop2_4;5.06;133;134;9.71;24.73
600.00;900.00;24.00;19.44;loop3_1;5.00;2;2;0.17;19.45
600.00;900.00;984.00;25.60;loop4_1;5.08;82;82;5.42;25.83
600.00;900.00;1452.00;26.47;loop4_2;5.03;121;121;7.68;26.66
600.00;900.00;1788.00;28.31;loop4_3;5.06;149;149;8.87;28.58
600.00;900.00;120.00;29.36;loop5_1;5.00;10;9;0.52;29.65
600.00;900.00;996.00;25.94;loop5_2;5.08;83;83;5.41;26.23
600.00;900.00;1440.00;26.76;loop5_3;5.04;120;120;7.53;26.95
600.00;900.00;1788.00;28.63;loop5_4;5.06;149;149;8.77;28.92
600.00;900.00;108.00;22.14;loop6_1;5.00;9;9;0.68;22.47
600.00;900.00;108.00;30.42;loop7_1;5.00;9;9;0.49;30.87
600.00;900.00;0.00;-1.00;loop7_2;-1.00;0;0;0.00;-1.00
600.00;900.00;0.00;-1.00;loop7_3;-1.00;0;0;0.00;-1.00
600.00;900.00;0.00;-1.00;loop8_1;-1.00;0;0;0.00;-1.00
600.00;900.00;1104.00;25.61;loop8_2;5.09;92;93;6.11;27.10
600.00;900.00;1380.00;28.58;loop8_3;5.02;115;116;6.74;28.74
600.00;900.00;1752.00;30.60;loop8_4;5.06;146;146;8.04;30.74
900.00;1200.00;1128.00;18.17;loop1_1;5.07;94;96;8.88;18.33
900.00;1200.00;1200.00;17.47;loop1_2;5.04;100;102;9.68;18.41
900.00;1200.00;1236.00;18.32;loop1_3;5.06;103;102;9.43;18.95
900.00;1200.00;36.00;21.34;loop2_1;5.00;3;3;0.23;22.21
900.00;1200.00;696.00;19.22;loop2_2;5.07;58;58;5.10;19.81
900.00;1200.00;1248.00;22.04;loop2_3;5.06;104;104;7.96;23.15
900.00;1200.00;1632.00;26.01;loop2_4;5.06;136;135;8.75;26.84
900.00;1200.00;48.00;15.82;loop3_1;5.00;4;4;0.42;16.76
900.00;1200.00;960.00;25.32;loop4_1;5.03;80;81;5.31;25.61
900.00;1200.00;1548.00;25.96;loop4_2;5.07;129;129;8.39;26.20
900.00;1200.00;1824.00;27.89;loop4_3;5.06;152;152;9.19;28.20
900.00;1200.00;24.00;29.69;loop5_1;5.00;2;2;0.11;29.70
900.00;1200.00;972.00;25.45;loop5_2;5.03;81;81;5.33;25.70
900.00;1200.00;1572.00;26.25;loop5_3;5.06;131;131;8.42;26.50
900.00;1200.00;1812.00;28.61;loop5_4;5.06;151;151;8.90;28.88
900.00;1200.00;24.00;23.11;loop6_1;5.00;2;2;0.14;23.17
900.00;1200.00;12.00;31.37;loop7_1;5.00;1;1;0.05;31.37
900.00;1200.00;12.00;31.25;loop7_2;5.00;1;1;0.05;31.25
900.00;1200.00;12.00;34.45;loop7_3;5.00;1;1;0.05;34.45
900.00;1200.00;0.00;-1.00;loop8_1;-1.00;0;0;0.00;-1.00
900.00;1200.00;948.00;26.61;loop8_2;5.03;79;78;4.95;26.96
900.00;1200.00;1500.00;28.30;loop8_3;5.07;125;125;7.46;28.52
900.00;1200.00;1668.00;30.66;loop8_4;5.06;139;139;7.65;30.79
1200.00;1500.00;1188.00;18.30;loop1_1;5.06;99;99;9.17;18.49
1200.00;1500.00;1164.00;18.70;loop1_2;5.02;97;96;8.68;18.85
1200.00;1500.00;1200.00;18.82;loop1_3;5.08;100;100;9.06;19.04
1200.00;1500.00;216.00;19.87;loop2_1;5.12;18;18;1.54;21.38
1200.00;1500.00;756.00;18.92;loop2_2;5.10;63;64;5.70;19.45
1200.00;1500.00;1116.00;20.62;loop2_3;5.05;93;93;7.59;21.65
1200.00;1500.00;1440.00;25.05;loop2_4;5.04;120;120;8.03;25.85
1200.00;1500.00;216.00;19.52;loop3_1;5.12;18;18;1.58;19.88
1200.00;1500.00;960.00;26.29;loop4_1;5.10;80;79;5.16;26.46
1200.00;1500.00;1368.00;26.86;loop4_2;5.07;114;114;7.19;27.06
1200.00;1500.00;1848.00;28.50;loop4_3;5.03;154;154;9.05;28.63
1200.00;1500.00;12.00;29.04;loop5_1;5.00;1;1;0.06;29.04
1200.00;1500.00;960.00;26.80;loop5_2;5.10;80;80;5.08;26.94
1200.00;1500.00;1380.00;26.43;loop5_3;5.05;115;115;7.33;27.46
1200.00;1500.00;1836.00;28.91;loop5_4;5.03;153;154;8.90;29.01
1200.00;1500.00;12.00;22.15;loop6_1;5.00;1;1;0.08;22.15
1200.00;1500.00;12.00;30.83;loop7_1;5.00;1;1;0.05;30.83
1200.00;1500.00;0.00;-1.00;loop7_2;-1.00;0;0;0.00;-1.00
1200.00;1500.00;0.00;-1.00;loop7_3;-1.00;0;0;0.00;-1.00
1200.00;1500.00;0.00;-1.00;loop8_1;-1.00;0;0;0.00;-1.00
1200.00;1500.00;960.00;27.50;loop8_2;5.10;80;80;4.95;27.67
1200.00;1500.00;1284.00;28.78;loop8_3;5.06;107;107;6.27;28.91
1200.00;1500.00;1728.00;30.63;loop8_4;5.03;144;145;7.88;30.75
1500.00;1800.00;1152.00;18.62;loop1_1;5.00;96;97;8.67;18.73
1500.00;1800.00;1188.00;18.55;loop1_2;5.04;99;99;8.99;18.70
1500.00;1800.00;1212.00;19.34;loop1_3;5.02;101;101;8.76;19.42
1500.00;1800.00;120.00;23.87;loop2_1;5.00;10;10;0.70;24.09
1500.00;1800.00;756.00;19.82;loop2_2;5.07;63;62;5.35;20.50
1500.00;1800.00;1116.00;21.04;loop2_3;5.00;93;93;7.37;21.85
1500.00;1800.00;1584.00;24.91;loop2_4;5.05;132;132;8.91;26.20
1500.00;1800.00;120.00;20.48;loop3_1;5.00;10;10;0.81;20.64
1500.00;1800.00;948.00;25.99;loop4_1;5.05;79;79;5.12;26.24
1500.00;1800.00;1392.00;27.28;loop4_2;5.00;116;116;7.09;27.46
1500.00;1800.00;1776.00;29.58;loop4_3;5.04;148;149;8.41;29.70
1500.00;1800.00;228.00;27.92;loop5_1;5.11;19;19;1.16;28.22
1500.00;1800.00;960.00;26.01;loop5_2;5.05;80;80;5.19;26.33
1500.00;1800.00;1416.00;27.81;loop5_3;5.02;118;118;7.10;28.01
1500.00;1800.00;1800.00;30.10;loop5_4;5.04;150;150;8.37;30.22
1500.00;1800.00;228.00;20.73;loop6_1;5.11;19;19;1.56;21.08
1500.00;1800.00;192.00;28.45;loop7_1;5.13;16;16;0.96;28.85
1500.00;1800.00;24.00;33.78;loop7_2;5.00;2;2;0.10;34.25
1500.00;1800.00;0.00;-1.00;loop7_3;-1.00;0;0;0.00;-1.00
1500.00;1800.00;0.00;-1.00;loop8_1;-1.00;0;0;0.00;-1.00
1500.00;1800.00;1092.00;26.11;loop8_2;5.07;91;91;5.89;26.52
1500.00;1800.00;1296.00;28.57;loop8_3;5.02;108;108;6.32;28.79
1500.00;1800.00;1716.00;31.39;loop8_4;5.03;143;142;7.63;31.52
1800.00;2100.00;1188.00;18.87;loop1_1;5.02;99;99;8.81;18.98
1800.00;2100.00;1164.00;18.34;loop1_2;5.02;97;97;8.87;18.83
1800.00;2100.00;1236.00;19.29;loop1_3;5.02;103;103;8.95;19.39
1800.00;2100.00;48.00;22.85;loop2_1;5.00;4;4;0.29;24.10
1800.00;2100.00;840.00;22.33;loop2_2;5.03;70;70;5.26;23.22
1800.00;2100.00;1164.00;24.18;loop2_3;5.04;97;98;6.77;25.05
1800.00;2100.00;1536.00;27.16;loop2_4;5.00;128;128;7.85;27.84
1800.00;2100.00;48.00;20.17;loop3_1;5.00;4;4;0.33;20.62
1800.00;2100.00;816.00;26.14;loop4_1;5.03;68;68;4.36;26.32
1800.00;2100.00;1320.00;27.86;loop4_2;5.04;110;110;6.63;27.98
1800.00;2100.00;1656.00;29.34;loop4_3;5.02;138;138;7.94;29.49
1800.00;2100.00;456.00;29.91;loop5_1;5.00;38;38;2.12;30.07
1800.00;2100.00;792.00;25.80;loop5_2;5.03;66;66;4.29;26.04
1800.00;2100.00;1308.00;27.62;loop5_3;5.04;109;109;6.63;27.81
1800.00;2100.00;1632.00;29.38;loop5_4;5.02;136;136;7.74;29.48
1800.00;2100.00;456.00;22.27;loop6_1;5.00;38;38;2.84;22.51
1800.00;2100.00;336.00;30.51;loop7_1;5.00;28;28;1.53;30.74
1800.00;2100.00;84.00;32.78;loop7_2;5.00;7;7;0.36;33.15
1800.00;2100.00;12.00;33.23;loop7_3;5.00;1;1;0.05;33.23
1800.00;2100.00;0.00;-1.00;loop8_1;-1.00;0;0;0.00;-1.00
1800.00;2100.00;1092.00;27.30;loop8_2;5.02;91;91;5.58;27.58
1800.00;2100.00;1224.00;29.06;loop8_3;5.04;102;102;5.90;29.22
1800.00;2100.00;1548.00;30.88;loop8_4;5.02;129;129;6.98;30.98
2100.00;2400.00;1128.00;18.30;loop1_1;5.09;94;94;8.77;18.56
2100.00;2400.00;1200.00;18.15;loop1_2;5.06;100;100;9.34;18.42
2100.00;2400.00;1212.00;18.83;loop1_3;5.08;101;101;9.15;19.04
2100.00;2400.00;0.00;-1.00;loop2_1;-1.00;0;0;0.00;-1.00
2100.00;2400.00;840.00;19.89;loop2_2;5.09;70;70;5.97;20.44
2100.00;2400.00;1080.00;21.99;loop2_3;5.05;90;89;6.86;22.97
2100.00;2400.00;1560.00;23.45;loop2_4;5.05;130;130;9.31;25.06
2100.00;2400.00;0.00;-1.00;loop3_1;-1.00;0;0;0.00;-1.00
2100.00;2400.00;960.00;25.71;loop4_1;5.05;80;80;5.24;25.98
2100.00;2400.00;1428.00;26.70;loop4_2;5.07;119;119;7.54;26.85
2100.00;2400.00;1776.00;28.32;loop4_3;5.04;148;147;8.72;28.51
2100.00;2400.00;48.00;28.38;loop5_1;5.00;4;4;0.23;28.44
2100.00;2400.00;960.00;26.71;loop5_2;5.05;80;80;5.04;26.98
2100.00;2400.00;1452.00;27.74;loop5_3;5.07;121;121;7.38;27.85
2100.00;2400.00;1764.00;29.35;loop5_4;5.04;147;148;8.42;29.46
2100.00;2400.00;48.00;21.22;loop6_1;5.00;4;4;0.31;21.30
2100.00;2400.00;60.00;31.93;loop7_1;5.00;5;5;0.26;32.00
2100.00;2400.00;24.00;31.37;loop7_2;5.00;2;2;0.11;32.36
2100.00;2400.00;0.00;-1.00;loop7_3;-1.00;0;0;0.00;-1.00
2100.00;2400.00;0.00;-1.00;loop8_1;-1.00;0;0;0.00;-1.00
2100.00;2400.00;852.00;27.26;loop8_2;5.00;71;71;4.34;27.57
2100.00;2400.00;1380.00;28.71;loop8_3;5.07;115;115;6.78;28.89
2100.00;2400.00;1584.00;31.37;loop8_4;5.06;132;132;7.10;31.48
2400.00;2700.00;1188.00;18.98;loop1_1;5.02;99;99;8.75;19.08
2400.00;2700.00;1176.00;19.19;loop1_2;5.02;98;99;8.60;19.27
2400.00;2700.00;1212.00;18.88;loop1_3;5.00;101;101;8.92;19.39
2400.00;2700.00;156.00;18.65;loop2_1;5.00;13;13;1.16;20.74
2400.00;2700.00;912.00;17.34;loop2_2;5.00;76;76;7.30;18.88
2400.00;2700.00;1116.00;19.57;loop2_3;5.00;93;93;7.92;22.15
2400.00;2700.00;1452.00;23.69;loop2_4;5.07;121;121;8.61;26.44
2400.00;2700.00;180.00;13.78;loop3_1;5.00;15;15;1.81;16.98
2400.00;2700.00;984.00;26.84;loop4_1;5.00;82;82;5.09;27.04
2400.00;2700.00;1344.00;27.56;loop4_2;5.00;112;112;6.77;27.64
2400.00;2700.00;1680.00;29.77;loop4_3;5.08;140;140;7.96;29.90
2400.00;2700.00;168.00;28.96;loop5_1;5.00;14;14;0.81;29.29
2400.00;2700.00;972.00;27.04;loop5_2;5.00;81;82;5.05;27.25
2400.00;2700.00;1332.00;27.99;loop5_3;5.00;111;111;6.61;28.08
2400.00;2700.00;1692.00;30.04;loop5_4;5.07;141;140;7.94;30.16
2400.00;2700.00;168.00;21.33;loop6_1;5.00;14;14;1.09;21.81
2400.00;2700.00;132.00;29.52;loop7_1;5.00;11;11;0.62;30.29
2400.00;2700.00;36.00;32.17;loop7_2;5.00;3;3;0.16;32.24
2400.00;2700.00;0.00;-1.00;loop7_3;-1.00;0;0;0.00;-1.00
2400.00;2700.00;0.00;-1.00;loop8_1;-1.00;0;0;0.00;-1.00
2400.00;2700.00;1056.00;26.16;loop8_2;5.00;88;88;5.61;27.61
2400.00;2700.00;1284.00;29.09;loop8_3;5.00;107;108;6.15;29.21
2400.00;2700.00;1548.00;31.19;loop8_4;5.08;129;129;7.00;31.31
2700.00;3000.00;1164.00;18.11;loop1_1;5.06;97;97;9.07;18.35
2700.00;3000.00;1212.00;17.84;loop1_2;5.08;101;101;9.65;18.10
2700.00;3000.00;1176.00;19.06;loop1_3;5.06;98;98;8.72;19.19
2700.00;3000.00;240.00;21.14;loop2_1;5.00;20;20;1.58;21.60
2700.00;3000.00;672.00;20.08;loop2_2;5.11;56;56;4.74;20.73
2700.00;3000.00;1212.00;23.23;loop2_3;5.15;101;101;7.45;24.02
2700.00;3000.00;1428.00;27.52;loop2_4;5.02;119;119;7.24;28.23
2700.00;3000.00;264.00;17.54;loop3_1;5.00;22;22;2.09;19.20
2700.00;3000.00;804.00;25.73;loop4_1;5.13;67;67;4.46;26.08
2700.00;3000.00;1404.00;27.15;loop4_2;5.13;117;117;7.37;27.34
2700.00;3000.00;1620.00;29.28;loop4_3;5.02;135;135;7.71;29.48
2700.00;3000.00;288.00;29.44;loop5_1;5.00;24;24;1.36;29.62
2700.00;3000.00;828.00;26.21;loop5_2;5.15;69;68;4.45;26.55
2700.00;3000.00;1380.00;27.24;loop5_3;5.11;115;115;7.19;27.39
2700.00;3000.00;1608.00;29.78;loop5_4;5.02;134;135;7.53;29.93
2700.00;3000.00;288.00;21.94;loop6_1;5.00;24;24;1.82;22.18
2700.00;3000.00;228.00;30.13;loop7_1;5.00;19;19;1.05;30.43
2700.00;3000.00;36.00;33.50;loop7_2;5.00;3;3;0.15;33.57
2700.00;3000.00;0.00;-1.00;loop7_3;-1.00;0;0;0.00;-1.00
2700.00;3000.00;0.00;-1.00;loop8_1;-1.00;0;0;0.00;-1.00
2700.00;3000.00;1020.00;26.91;loop8_2;5.07;85;85;5.33;27.25
2700.00;3000.00;1284.00;28.31;loop8_3;5.12;107;107;6.44;28.50
2700.00;3000.00;1440.00;30.95;loop8_4;5.00;120;120;6.46;31.11
3000.00;3300.00;1176.00;18.77;loop1_1;5.00;98;99;8.71;18.88
3000.00;3300.00;1140.00;17.68;loop1_2;5.04;95;95;9.06;18.37
3000.00;3300.00;1236.00;18.78;loop1_3;5.06;103;104;9.30;18.94
3000.00;3300.00;24.00;21.58;loop2_1;5.00;2;2;0.15;22.53
3000.00;3300.00;768.00;26.11;loop2_2;5.03;64;64;4.11;26.39
3000.00;3300.00;1116.00;27.32;loop2_3;5.05;93;93;5.72;27.63
3000.00;3300.00;1620.00;29.29;loop2_4;5.03;135;135;7.73;29.50
3000.00;3300.00;24.00;19.79;loop3_1;5.00;2;2;0.17;19.92
3000.00;3300.00;768.00;26.61;loop4_1;5.03;64;64;4.03;26.76
3000.00;3300.00;1164.00;28.11;loop4_2;5.04;97;97;5.80;28.19
3000.00;3300.00;1668.00;29.62;loop4_3;5.03;139;139;7.87;29.73
3000.00;3300.00;660.00;29.09;loop5_1;5.08;55;55;3.21;29.28
3000.00;3300.00;804.00;26.32;loop5_2;5.03;67;67;4.27;26.48
3000.00;3300.00;1164.00;28.19;loop5_3;5.04;97;97;5.78;28.28
3000.00;3300.00;1680.00;29.62;loop5_4;5.03;140;139;7.91;29.75
3000.00;3300.00;672.00;21.73;loop6_1;5.08;56;56;4.36;22.00
3000.00;3300.00;384.00;29.51;loop7_1;5.07;32;32;1.83;29.84
3000.00;3300.00;228.00;33.03;loop7_2;5.11;19;19;0.98;33.26
3000.00;3300.00;24.00;33.85;loop7_3;5.00;2;2;0.10;34.00
3000.00;3300.00;0.00;-1.00;loop8_1;-1.00;0;0;0.00;-1.00
3000.00;3300.00;1200.00;25.30;loop8_2;5.06;100;100;6.66;26.26
3000.00;3300.00;1260.00;29.20;loop8_3;5.04;105;105;6.04;29.32
3000.00;3300.00;1548.00;31.09;loop8_4;5.03;129;129;6.96;31.19
3300.00;3600.00;1200.00;19.13;loop1_1;5.00;100;100;8.71;19.18
3300.00;3600.00;1188.00;18.98;loop1_2;5.02;99;99;8.75;19.09
3300.00;3600.00;1200.00;18.97;loop1_3;5.04;100;99;8.88;19.14
3300.00;3600.00;108.00;25.85;loop2_1;5.00;9;9;0.58;25.98
3300.00;3600.00;876.00;25.88;loop2_2;5.03;73;73;4.73;26.23
3300.00;3600.00;1008.00;28.37;loop2_3;5.03;84;85;4.96;28.54
3300.00;3600.00;1560.00;29.41;loop2_4;5.00;130;130;7.37;29.60
3300.00;3600.00;108.00;20.41;loop3_1;5.00;9;9;0.73;20.59
3300.00;3600.00;792.00;26.47;loop4_1;5.03;66;66;4.18;26.62
3300.00;3600.00;1068.00;28.15;loop4_2;5.02;89;89;5.29;28.31
3300.00;3600.00;1644.00;29.17;loop4_3;5.00;137;137;7.83;29.36
3300.00;3600.00;72.00;28.88;loop5_1;5.00;6;6;0.35;29.08
3300.00;3600.00;804.00;26.13;loop5_2;5.03;67;67;4.30;26.26
3300.00;3600.00;1068.00;28.22;loop5_3;5.02;89;89;5.28;28.34
3300.00;3600.00;1632.00;29.41;loop5_4;5.00;136;136;7.71;29.57
3300.00;3600.00;60.00;20.66;loop6_1;5.00;5;5;0.40;20.93
3300.00;3600.00;60.00;29.16;loop7_1;5.00;5;5;0.29;29.54
3300.00;3600.00;60.00;30.93;loop7_2;5.00;5;5;0.27;31.14
3300.00;3600.00;0.00;-1.00;loop7_3;-1.00;0;0;0.00;-1.00
3300.00;3600.00;0.00;-1.00;loop8_1;-1.00;0;0;0.00;-1.00
3300.00;3600.00;876.00;26.50;loop8_2;5.03;73;73;4.62;26.73
3300.00;3600.00;1020.00;29.36;loop8_3;5.02;85;85;4.85;29.53
3300.00;3600.00;1536.00;30.88;loop8_4;5.00;128;128;6.91;31.00
3600.00;3900.00;1140.00;18.34;loop1_1;5.07;95;96;8.82;18.55
3600.00;3900.00;1212.00;19.12;loop1_2;5.02;101;101;8.85;19.22
3600.00;3900.00;1200.00;19.05;loop1_3;5.04;100;100;8.85;19.17
3600.00;3900.00;12.00;25.97;loop2_1;5.00;1;1;0.06;25.97
3600.00;3900.00;804.00;24.82;loop2_2;5.13;67;67;4.61;25.08
3600.00;3900.00;1140.00;27.17;loop2_3;5.02;95;94;5.85;27.31
3600.00;3900.00;1632.00;29.12;loop2_4;5.02;136;136;7.81;29.30
3600.00;3900.00;12.00;25.29;loop3_1;5.00;1;1;0.07;25.29
3600.00;3900.00;696.00;25.03;loop4_1;5.14;58;59;4.03;25.24
3600.00;3900.00;1152.00;27.25;loop4_2;5.02;96;97;5.91;27.39
3600.00;3900.00;1656.00;28.84;loop4_3;5.02;138;138;8.00;29.06
3600.00;3900.00;252.00;29.79;loop5_1;5.00;21;21;1.17;29.90
3600.00;3900.00;708.00;24.90;loop5_2;5.14;59;59;4.06;25.11
3600.00;3900.00;1164.00;27.81;loop5_3;5.02;97;97;5.84;27.93
3600.00;3900.00;1632.00;29.52;loop5_4;5.02;136;136;7.71;29.67
3600.00;3900.00;252.00;22.22;loop6_1;5.00;21;21;1.58;22.37
3600.00;3900.00;216.00;31.23;loop7_1;5.00;18;18;0.96;31.46
3600.00;3900.00;12.00;34.97;loop7_2;5.00;1;1;0.05;34.97
3600.00;3900.00;0.00;-1.00;loop7_3;-1.00;0;0;0.00;-1.00
3600.00;3900.00;0.00;-1.00;loop8_1;-1.00;0;0;0.00;-1.00
3600.00;3900.00;840.00;25.85;loop8_2;5.12;70;70;4.64;26.16
3600.00;3900.00;1128.00;29.11;loop8_3;5.04;94;94;5.44;29.23
3600.00;3900.00;1488.00;31.13;loop8_4;5.00;124;124;6.64;31.26
3900.00;4200.00;1152.00;18.36;loop1_1;5.09;96;96;8.92;18.56
3900.00;4200.00;1188.00;18.24;loop1_2;5.04;99;99;9.15;18.85
3900.00;4200.00;1212.00;19.37;loop1_3;5.02;101;101;8.74;19.47
3900.00;4200.00;0.00;-1.00;loop2_1;-1.00;0;0;0.00;-1.00
3900.00;4200.00;756.00;25.92;loop2_2;5.17;63;63;4.17;26.13
3900.00;4200.00;1068.00;27.52;loop2_3;5.00;89;89;5.39;27.70
3900.00;4200.00;1764.00;29.41;loop2_4;5.01;147;147;8.35;29.52
3900.00;4200.00;0.00;-1.00;loop3_1;-1.00;0;0;0.00;-1.00
3900.00;4200.00;792.00;25.72;loop4_1;5.16;66;65;4.35;25.92
3900.00;4200.00;1080.00;27.72;loop4_2;5.00;90;89;5.40;27.84
3900.00;4200.00;1752.00;29.70;loop4_3;5.01;146;146;8.22;29.81
3900.00;4200.00;564.00;28.67;loop5_1;5.04;47;47;2.76;28.86
3900.00;4200.00;804.00;23.71;loop5_2;5.16;67;67;4.84;25.32
3900.00;4200.00;1068.00;27.83;loop5_3;5.00;89;90;5.34;27.98
3900.00;4200.00;1752.00;29.82;loop5_4;5.01;146;147;8.23;29.95
3900.00;4200.00;576.00;21.15;loop6_1;5.04;48;48;3.81;21.39
3900.00;4200.00;360.00;28.72;loop7_1;5.00;30;30;1.74;28.92
3900.00;4200.00;180.00;31.93;loop7_2;5.00;15;15;0.78;32.16
3900.00;4200.00;12.00;34.53;loop7_3;5.00;1;1;0.05;34.53
3900.00;4200.00;0.00;-1.00;loop8_1;-1.00;0;0;0.00;-1.00
3900.00;4200.00;1176.00;26.24;loop8_2;5.09;98;99;6.39;26.47
3900.00;4200.00;1104.00;27.12;loop8_3;5.02;92;92;5.68;28.41
3900.00;4200.00;1560.00;31.18;loop8_4;5.02;130;130;6.97;31.30
4200.00;4500.00;1176.00;18.43;loop1_1;5.06;98;99;9.05;18.58
4200.00;4500.00;1164.00;18.63;loop1_2;5.02;97;98;9.06;18.75
4200.00;4500.00;1212.00;19.12;loop1_3;5.04;101;102;8.97;19.24
4200.00;4500.00;72.00;23.43;loop2_1;5.00;6;6;0.43;23.53
4200.00;4500.00;900.00;20.54;loop2_2;5.06;75;75;6.16;21.01
4200.00;4500.00;1092.00;23.58;loop2_3;5.02;91;91;6.47;24.45
4200.00;4500.00;1500.00;27.04;loop2_4;5.08;125;125;7.84;27.79
4200.00;4500.00;72.00;18.70;loop3_1;5.00;6;6;0.53;19.15
4200.00;4500.00;900.00;26.59;loop4_1;5.03;75;75;4.73;26.72
4200.00;4500.00;1392.00;28.15;loop4_2;5.02;116;116;6.89;28.25
4200.00;4500.00;1656.00;29.31;loop4_3;5.08;138;139;8.00;29.40
4200.00;4500.00;372.00;28.73;loop5_1;5.00;31;31;1.80;28.90
4200.00;4500.00;912.00;26.40;loop5_2;5.03;76;76;4.83;26.58
4200.00;4500.00;1368.00;28.32;loop5_3;5.02;114;114;6.73;28.45
4200.00;4500.00;1644.00;29.65;loop5_4;5.08;137;137;7.80;29.78
4200.00;4500.00;372.00;21.15;loop6_1;5.00;31;31;2.44;21.37
4200.00;4500.00;252.00;29.02;loop7_1;5.00;21;21;1.21;29.28
4200.00;4500.00;132.00;31.11;loop7_2;5.19;11;11;0.61;31.28
4200.00;4500.00;0.00;-1.00;loop7_3;-1.00;0;0;0.00;-1.00
4200.00;4500.00;0.00;-1.00;loop8_1;-1.00;0;0;0.00;-1.00
4200.00;4500.00;1092.00;27.13;loop8_2;5.02;91;92;5.67;27.34
4200.00;4500.00;1284.00;29.09;loop8_3;5.04;107;107;6.18;29.23
4200.00;4500.00;1560.00;30.83;loop8_4;5.08;130;130;7.14;30.95
4500.00;4800.00;1176.00;18.88;loop1_1;5.02;98;98;8.70;18.96
4500.00;4800.00;1188.00;18.31;loop1_2;5.02;99;98;8.73;18.89
4500.00;4800.00;1212.00;19.25;loop1_3;5.02;101;100;8.74;19.33
4500.00;4800.00;36.00;22.48;loop2_1;5.00;3;3;0.22;22.59
4500.00;4800.00;840.00;24.91;loop2_2;5.03;70;70;4.71;25.35
4500.00;4800.00;1176.00;27.14;loop2_3;5.00;98;98;6.02;27.36
4500.00;4800.00;1524.00;28.61;loop2_4;5.03;127;127;7.44;28.98
4500.00;4800.00;36.00;20.23;loop3_1;5.00;3;3;0.25;20.40
4500.00;4800.00;888.00;25.77;loop4_1;5.06;74;74;4.84;25.93
4500.00;4800.00;1236.00;27.64;loop4_2;5.00;103;103;6.21;27.81
4500.00;4800.00;1560.00;29.42;loop4_3;5.03;130;130;7.39;29.54
4500.00;4800.00;408.00;29.18;loop5_1;5.00;34;34;1.94;29.28
4500.00;4800.00;888.00;25.77;loop5_2;5.06;74;74;4.83;25.93
4500.00;4800.00;1236.00;27.82;loop5_3;5.00;103;103;6.17;28.01
4500.00;4800.00;1560.00;29.69;loop5_4;5.03;130;129;7.32;29.82
4500.00;4800.00;396.00;21.76;loop6_1;5.00;33;33;2.53;21.92
4500.00;4800.00;360.00;29.96;loop7_1;5.00;30;30;1.67;30.13
4500.00;4800.00;48.00;34.68;loop7_2;5.00;4;4;0.19;34.84
4500.00;4800.00;0.00;-1.00;loop7_3;-1.00;0;0;0.00;-1.00
4500.00;4800.00;0.00;-1.00;loop8_1;-1.00;0;0;0.00;-1.00
4500.00;4800.00;1128.00;26.71;loop8_2;5.02;94;93;5.84;26.96
4500.00;4800.00;1140.00;28.80;loop8_3;5.00;95;96;5.55;28.96
4500.00;4800.00;1320.00;30.84;loop8_4;5.04;110;111;6.03;30.96
4800.00;5100.00;1140.00;18.52;loop1_1;5.09;95;95;8.75;18.68
4800.00;5100.00;1200.00;18.99;loop1_2;5.00;100;100;8.78;19.05
4800.00;5100.00;1200.00;19.11;loop1_3;5.04;100;100;8.82;19.21
4800.00;5100.00;0.00;-1.00;loop2_1;-1.00;0;0;0.00;-1.00
4800.00;5100.00;780.00;25.99;loop2_2;5.06;65;65;4.22;26.12
4800.00;5100.00;1068.00;27.18;loop2_3;5.07;89;89;5.54;27.34
4800.00;5100.00;1680.00;29.97;loop2_4;5.00;140;140;7.79;30.09
4800.00;5100.00;0.00;-1.00;loop3_1;-1.00;0;0;0.00;-1.00
4800.00;5100.00;768.00;25.91;loop4_1;5.03;64;64;4.15;26.03
4800.00;5100.00;1068.00;27.81;loop4_2;5.07;89;89;5.41;27.91
4800.00;5100.00;1752.00;29.61;loop4_3;5.01;146;145;8.23;29.71
4800.00;5100.00;168.00;28.30;loop5_1;5.00;14;14;0.82;28.46
4800.00;5100.00;780.00;26.08;loop5_2;5.03;65;65;4.18;26.22
4800.00;5100.00;1044.00;27.88;loop5_3;5.07;87;87;5.28;27.99
4800.00;5100.00;1764.00;29.73;loop5_4;5.01;147;147;8.26;29.87
4800.00;5100.00;168.00;20.93;loop6_1;5.00;14;14;1.11;21.15
4800.00;5100.00;132.00;29.37;loop7_1;5.00;11;11;0.62;29.70
4800.00;5100.00;48.00;31.42;loop7_2;5.00;4;4;0.21;31.56
4800.00;5100.00;0.00;-1.00;loop7_3;-1.00;0;0;0.00;-1.00
4800.00;5100.00;0.00;-1.00;loop8_1;-1.00;0;0;0.00;-1.00
4800.00;5100.00;852.00;26.64;loop8_2;5.03;71;71;4.47;26.81
4800.00;5100.00;1020.00;29.05;loop8_3;5.07;85;84;4.90;29.17
4800.00;5100.00;1584.00;31.20;loop8_4;5.00;132;131;7.01;31.31
5100.00;5400.00;1164.00;18.52;loop1_1;5.02;97;97;8.78;18.73
5100.00;5400.00;1200.00;18.05;loop1_2;5.08;100;100;9.44;18.29
5100.00;5400.00;1212.00;18.51;loop1_3;5.08;101;101;9.30;18.73
5100.00;5400.00;0.00;-1.00;loop2_1;-1.00;0;0;0.00;-1.00
5100.00;5400.00;780.00;20.64;loop2_2;5.03;65;65;5.29;21.62
5100.00;5400.00;1104.00;22.53;loop2_3;5.09;92;92;6.94;23.77
5100.00;5400.00;1620.00;26.22;loop2_4;5.08;135;136;8.75;27.21
5100.00;5400.00;0.00;-1.00;loop3_1;-1.00;0;0;0.00;-1.00
5100.00;5400.00;864.00;26.82;loop4_1;5.09;72;72;4.57;27.04
5100.00;5400.00;1476.00;26.90;loop4_2;5.07;123;123;7.74;27.08
5100.00;5400.00;1788.00;28.87;loop4_3;5.08;149;149;8.74;29.09
5100.00;5400.00;168.00;29.34;loop5_1;5.00;14;14;0.80;29.45
5100.00;5400.00;864.00;27.00;loop5_2;5.06;72;72;4.50;27.17
5100.00;5400.00;1464.00;27.04;loop5_3;5.07;122;123;7.70;27.24
5100.00;5400.00;1776.00;28.89;loop5_4;5.09;148;148;8.68;29.13
5100.00;5400.00;180.00;21.65;loop6_1;5.00;15;15;1.15;21.77
5100.00;5400.00;156.00;30.62;loop7_1;5.00;13;13;0.71;30.83
5100.00;5400.00;12.00;32.15;loop7_2;5.00;1;1;0.05;32.15
5100.00;5400.00;0.00;-1.00;loop7_3;-1.00;0;0;0.00;-1.00
5100.00;5400.00;0.00;-1.00;loop8_1;-1.00;0;0;0.00;-1.00
5100.00;5400.00;1020.00;27.54;loop8_2;5.05;85;85;5.19;27.78
5100.00;5400.00;1380.00;28.77;loop8_3;5.07;115;115;6.76;28.95
5100.00;5400.00;1668.00;30.73;loop8_4;5.09;139;139;7.68;30.90
5400.00;5700.00;1152.00;18.60;loop1_1;5.02;96;100;8.82;18.74
5400.00;5700.00;1200.00;16.97;loop1_2;5.04;100;101;9.95;18.33
5400.00;5700.00;1200.00;18.86;loop1_3;5.00;100;100;8.84;19.42
5400.00;5700.00;0.00;-1.00;loop2_1;-1.00;0;0;0.00;-1.00
5400.00;5700.00;768.00;18.93;loop2_2;5.00;64;64;5.64;19.29
5400.00;5700.00;1260.00;22.36;loop2_3;5.02;105;105;7.86;23.08
5400.00;5700.00;1584.00;25.08;loop2_4;5.03;132;131;8.78;26.04
5400.00;5700.00;0.00;-1.00;loop3_1;-1.00;0;0;0.00;-1.00
5400.00;5700.00;960.00;25.68;loop4_1;5.00;80;80;5.19;25.86
5400.00;5700.00;1500.00;26.57;loop4_2;5.03;125;125;7.89;26.72
5400.00;5700.00;1812.00;28.30;loop4_3;5.03;151;151;8.94;28.46
5400.00;5700.00;432.00;29.06;loop5_1;5.00;36;36;2.06;29.16
5400.00;5700.00;960.00;25.69;loop5_2;5.03;80;80;5.22;25.89
5400.00;5700.00;1500.00;26.39;loop5_3;5.03;125;124;7.88;26.54
5400.00;5700.00;1800.00;28.45;loop5_4;5.03;150;150;8.84;28.63
5400.00;5700.00;432.00;21.40;loop6_1;5.00;36;36;2.80;21.57
5400.00;5700.00;336.00;29.64;loop7_1;5.00;28;28;1.57;29.82
5400.00;5700.00;84.00;32.58;loop7_2;5.00;7;7;0.36;32.75
5400.00;5700.00;0.00;-1.00;loop7_3;-1.00;0;0;0.00;-1.00
5400.00;5700.00;0.00;-1.00;loop8_1;-1.00;0;0;0.00;-1.00
5400.00;5700.00;1212.00;26.63;loop8_2;5.02;101;101;6.35;26.78
5400.00;5700.00;1572.00;28.21;loop8_3;5.03;131;131;7.79;28.38
5400.00;5700.00;1740.00;30.14;loop8_4;5.03;145;145;8.07;30.29
5700.00;6000.00;1152.00;18.63;loop1_1;5.07;96;96;8.72;18.80
5700.00;6000.00;1176.00;18.03;loop1_2;5.02;98;99;9.16;18.64
5700.00;6000.00;1236.00;18.38;loop1_3;5.06;103;104;9.50;18.99
5700.00;6000.00;0.00;-1.00;loop2_1;-1.00;0;0;0.00;-1.00
5700.00;6000.00;708.00;24.96;loop2_2;5.07;59;59;3.99;25.49
5700.00;6000.00;1140.00;25.21;loop2_3;5.04;95;95;6.33;25.90
5700.00;6000.00;1716.00;28.54;loop2_4;5.03;143;143;8.39;28.76
5700.00;6000.00;0.00;-1.00;loop3_1;-1.00;0;0;0.00;-1.00
5700.00;6000.00;768.00;26.19;loop4_1;5.10;64;64;4.15;26.39
5700.00;6000.00;1176.00;26.72;loop4_2;5.02;98;98;6.14;26.89
5700.00;6000.00;1740.00;28.82;loop4_3;5.03;145;145;8.43;28.99
5700.00;6000.00;276.00;29.43;loop5_1;5.09;23;23;1.33;29.59
5700.00;6000.00;780.00;26.15;loop5_2;5.10;65;65;4.22;26.33
5700.00;6000.00;1188.00;26.92;loop5_3;5.02;99;99;6.16;27.08
5700.00;6000.00;1752.00;28.74;loop5_4;5.03;146;146;8.51;28.89
5700.00;6000.00;264.00;21.96;loop6_1;5.10;22;22;1.70;22.22
5700.00;6000.00;264.00;30.46;loop7_1;5.10;22;22;1.22;30.66
5700.00;6000.00;12.00;37.69;loop7_2;5.00;1;1;0.04;37.69
5700.00;6000.00;0.00;-1.00;loop7_3;-1.00;0;0;0.00;-1.00
5700.00;6000.00;0.00;-1.00;loop8_1;-1.00;0;0;0.00;-1.00
5700.00;6000.00;1020.00;26.87;loop8_2;5.10;85;85;5.38;27.17
5700.00;6000.00;1140.00;28.28;loop8_3;5.02;95;95;5.62;28.41
5700.00;6000.00;1704.00;30.26;loop8_4;5.03;142;142;7.87;30.38
6000.00;6300.00;1176.00;18.87;loop1_1;5.04;98;98;8.76;18.99
6000.00;6300.00;1188.00;18.58;loop1_2;5.02;99;100;8.98;18.71
6000.00;6300.00;1200.00;19.15;loop1_3;5.04;100;99;8.80;19.29
6000.00;6300.00;0.00;-1.00;loop2_1;-1.00;0;0;0.00;-1.00
6000.00;6300.00;768.00;23.17;loop2_2;5.03;64;64;4.65;23.79
6000.00;6300.00;1140.00;26.28;loop2_3;5.07;95;95;6.10;26.71
6000.00;6300.00;1668.00;28.69;loop2_4;5.00;139;139;8.07;28.99
6000.00;6300.00;0.00;-1.00;loop3_1;-1.00;0;0;0.00;-1.00
6000.00;6300.00;756.00;25.58;loop4_1;5.10;63;63;4.20;25.84
6000.00;6300.00;1296.00;27.52;loop4_2;5.04;108;108;6.59;27.62
6000.00;6300.00;1704.00;29.17;loop4_3;5.00;142;143;8.17;29.31
6000.00;6300.00;252.00;28.70;loop5_1;5.10;21;21;1.25;28.96
6000.00;6300.00;756.00;25.47;loop5_2;5.10;63;63;4.21;25.73
6000.00;6300.00;1284.00;27.48;loop5_3;5.04;107;107;6.54;27.64
6000.00;6300.00;1704.00;29.57;loop5_4;5.00;142;142;8.00;29.72
6000.00;6300.00;252.00;21.80;loop6_1;5.10;21;21;1.64;22.10
6000.00;6300.00;240.00;29.75;loop7_1;5.10;20;20;1.14;30.23
6000.00;6300.00;24.00;33.93;loop7_2;5.00;2;2;0.10;34.16
6000.00;6300.00;0.00;-1.00;loop7_3;-1.00;0;0;0.00;-1.00
6000.00;6300.00;0.00;-1.00;loop8_1;-1.00;0;0;0.00;-1.00
6000.00;6300.00;948.00;26.59;loop8_2;5.08;79;79;5.04;26.92
6000.00;6300.00;1200.00;29.04;loop8_3;5.04;100;101;5.82;29.16
6000.00;6300.00;1548.00;31.03;loop8_4;5.00;129;129;6.93;31.18
6300.00;6600.00;1164.00;18.30;loop1_1;5.04;97;98;8.96;18.50
6300.00;6600.00;1092.00;17.36;loop1_2;5.21;91;92;9.27;18.10
6300.00;6600.00;1272.00;18.39;loop1_3;5.00;106;106;9.61;19.31
6300.00;6600.00;0.00;-1.00;loop2_1;-1.00;0;0;0.00;-1.00
6300.00;6600.00;756.00;26.46;loop2_2;5.13;63;63;4.07;26.66
6300.00;6600.00;1104.00;27.06;loop2_3;5.11;92;92;5.79;27.26
6300.00;6600.00;1632.00;28.93;loop2_4;5.05;136;136;7.91;29.08
6300.00;6600.00;0.00;-1.00;loop3_1;-1.00;0;0;0.00;-1.00
6300.00;6600.00;768.00;26.52;loop4_1;5.13;64;64;4.12;26.70
6300.00;6600.00;1092.00;27.56;loop4_2;5.09;91;92;5.64;27.69
6300.00;6600.00;1572.00;29.39;loop4_3;5.06;131;130;7.48;29.53
6300.00;6600.00;420.00;28.89;loop5_1;5.06;35;35;2.05;29.12
6300.00;6600.00;768.00;26.58;loop5_2;5.13;64;64;4.11;26.73
6300.00;6600.00;1116.00;27.79;loop5_3;5.09;93;93;5.68;27.90
6300.00;6600.00;1572.00;29.94;loop5_4;5.06;131;131;7.39;30.06
6300.00;6600.00;432.00;21.26;loop6_1;5.06;36;36;2.85;21.57
6300.00;6600.00;300.00;29.79;loop7_1;5.08;25;25;1.42;30.13
6300.00;6600.00;96.00;33.35;loop7_2;5.00;8;8;0.40;33.63
6300.00;6600.00;0.00;-1.00;loop7_3;-1.00;0;0;0.00;-1.00
6300.00;6600.00;0.00;-1.00;loop8_1;-1.00;0;0;0.00;-1.00
6300.00;6600.00;1080.00;26.69;loop8_2;5.09;90;91;5.73;26.92
6300.00;6600.00;1140.00;26.90;loop8_3;5.09;95;94;5.95;28.44
6300.00;6600.00;1356.00;31.11;loop8_4;5.07;113;113;6.15;31.25
6600.00;6900.00;1152.00;18.38;loop1_1;5.02;96;99;8.98;18.53
6600.00;6900.00;1164.00;16.75;loop1_2;5.11;97;97;9.91;18.00
6600.00;6900.00;1224.00;19.30;loop1_3;5.04;102;102;8.91;19.41
6600.00;6900.00;0.00;-1.00;loop2_1;-1.00;0;0;0.00;-1.00
6600.00;6900.00;744.00;25.71;loop2_2;5.07;62;62;4.08;25.95
6600.00;6900.00;1092.00;28.12;loop2_3;5.05;91;91;5.44;28.21
6600.00;6900.00;1728.00;29.40;loop2_4;5.04;144;144;8.23;29.53
6600.00;6900.00;0.00;-1.00;loop3_1;-1.00;0;0;0.00;-1.00
6600.00;6900.00;672.00;25.31;loop4_1;5.08;56;56;3.75;25.48
6600.00;6900.00;1200.00;27.27;loop4_2;5.04;100;99;6.13;27.48
6600.00;6900.00;1776.00;29.32;loop4_3;5.04;148;148;8.48;29.42
6600.00;6900.00;60.00;29.72;loop5_1;5.00;5;5;0.28;29.89
6600.00;6900.00;684.00;23.54;loop5_2;5.07;57;58;4.15;25.22
6600.00;6900.00;1176.00;27.72;loop5_3;5.04;98;99;5.97;27.93
6600.00;6900.00;1752.00;29.83;loop5_4;5.04;146;146;8.23;29.94
6600.00;6900.00;48.00;21.84;loop6_1;5.00;4;4;0.31;22.08
6600.00;6900.00;84.00;27.83;loop7_1;5.00;7;7;0.42;28.03
6600.00;6900.00;12.00;36.61;loop7_2;5.00;1;1;0.05;36.61
6600.00;6900.00;0.00;-1.00;loop7_3;-1.00;0;0;0.00;-1.00
6600.00;6900.00;0.00;-1.00;loop8_1;-1.00;0;0;0.00;-1.00
6600.00;6900.00;696.00;26.15;loop8_2;5.04;58;58;3.72;26.31
6600.00;6900.00;1104.00;28.93;loop8_3;5.05;92;92;5.35;29.11
6600.00;6900.00;1584.00;31.16;loop8_4;5.02;132;132;7.08;31.26
6900.00;7200.00;1164.00;19.20;loop1_1;5.00;97;97;8.42;19.28
6900.00;7200.00;1140.00;18.53;loop1_2;5.07;95;96;8.74;18.72
6900.00;7200.00;1236.00;18.38;loop1_3;5.04;103;103;9.44;18.96
6900.00;7200.00;0.00;-1.00;loop2_1;-1.00;0;0;0.00;-1.00
6900.00;7200.00;768.00;22.09;loop2_2;5.00;64;64;4.83;22.81
6900.00;7200.00;1140.00;23.44;loop2_3;5.09;95;96;6.90;24.36
6900.00;7200.00;1644.00;28.98;loop2_4;5.02;137;137;7.90;29.45
6900.00;7200.00;0.00;-1.00;loop3_1;-1.00;0;0;0.00;-1.00
6900.00;7200.00;804.00;26.45;loop4_1;5.00;67;67;4.22;26.66
6900.00;7200.00;1308.00;27.69;loop4_2;5.08;109;109;6.66;27.87
6900.00;7200.00;1788.00;30.09;loop4_3;5.01;149;149;8.28;30.21
6900.00;7200.00;132.00;29.31;loop5_1;5.00;11;11;0.63;29.47
6900.00;7200.00;828.00;26.45;loop5_2;5.00;69;68;4.30;26.65
6900.00;7200.00;1308.00;27.67;loop5_3;5.08;109;109;6.67;27.88
6900.00;7200.00;1776.00;30.29;loop5_4;5.01;148;149;8.20;30.41
6900.00;7200.00;132.00;21.77;loop6_1;5.00;11;11;0.84;22.02
6900.00;7200.00;96.00;30.03;loop7_1;5.00;8;8;0.44;30.36
6900.00;7200.00;24.00;32.43;loop7_2;5.00;2;2;0.10;32.43
6900.00;7200.00;0.00;-1.00;loop7_3;-1.00;0;0;0.00;-1.00
6900.00;7200.00;0.00;-1.00;loop8_1;-1.00;0;0;0.00;-1.00
6900.00;7200.00;924.00;27.22;loop8_2;5.03;77;77;4.74;27.46
6900.00;7200.00;1272.00;29.22;loop8_3;5.06;106;106;6.12;29.35
6900.00;7200.00;1716.00;31.74;loop8_4;5.03;143;143;7.55;31.87
