conflict_begin;conflict_ego;conflict_end;conflict_foe;minTTC_position;minTTC_time;minTTC_type;minTTC_value;maxDRAC_position;maxDRAC_time;maxDRAC_type;maxDRAC_value
85.00;1_1.29;113.00;1_2.18;1180.40,1040.56;87.00;2;3.00;;;;
85.00;1_1.29;113.00;1_2.18;;;;;1185.12,1034.37;85.00;2;3.61
85.00;1_2.18;113.00;1_1.29;1180.40,1040.56;87.00;3;3.00;;;;
85.00;1_2.18;113.00;1_1.29;;;;;1185.12,1034.37;85.00;3;3.61
144.00;1_2.34;173.00;1_1.88;1180.06,1041.01;146.00;3;3.20;;;;
144.00;1_2.34;173.00;1_1.88;;;;;1183.13,1036.98;145.00;3;3.42
144.00;1_1.88;173.00;1_2.34;1180.06,1041.01;146.00;2;3.20;;;;
144.00;1_1.88;173.00;1_2.34;;;;;1183.13,1036.98;145.00;2;3.42
185.00;1_2.47;210.00;1_1.131;1178.09,1033.04;186.00;3;3.04;;;;
185.00;1_2.47;210.00;1_1.131;;;;;1179.98,1030.55;185.00;3;4.42
186.00;1_2.47;210.00;1_1.137;1178.09,1033.04;186.00;3;3.77;;;;
186.00;1_2.47;210.00;1_1.137;;;;;1178.09,1033.04;186.00;3;3.46
185.00;1_1.131;210.00;1_2.47;1178.09,1033.04;186.00;2;3.04;;;;
185.00;1_1.131;210.00;1_2.47;;;;;1179.98,1030.55;185.00;2;4.42
184.00;1_2.37;212.00;1_1.127;1178.44,1037.86;186.00;3;2.84;;;;
184.00;1_2.37;212.00;1_1.127;;;;;1182.63,1032.36;184.00;3;4.33
184.00;1_1.127;212.00;1_2.37;1178.44,1037.86;186.00;2;2.84;;;;
184.00;1_1.127;212.00;1_2.37;;;;;1182.63,1032.36;184.00;2;4.33
186.00;1_1.137;210.00;1_2.47;1178.09,1033.04;186.00;2;3.77;;;;
186.00;1_1.137;210.00;1_2.47;;;;;1178.09,1033.04;186.00;2;3.46
202.00;1_2.48;223.00;1_1.146;1179.34,1036.68;203.00;3;3.19;;;;
202.00;1_2.48;223.00;1_1.146;;;;;1182.09,1033.07;202.00;3;3.95
204.00;1_2.52;228.00;1_1.152;1179.83,1030.74;204.00;3;3.11;;;;
204.00;1_2.52;228.00;1_1.152;;;;;1179.83,1030.74;204.00;3;4.15
202.00;1_1.146;223.00;1_2.48;1179.34,1036.68;203.00;2;3.19;;;;
202.00;1_1.146;223.00;1_2.48;;;;;1182.09,1033.07;202.00;2;3.95
204.00;1_1.152;228.00;1_2.52;1179.83,1030.74;204.00;2;3.11;;;;
204.00;1_1.152;228.00;1_2.52;;;;;1179.83,1030.74;204.00;2;4.15
218.00;1_2.41;247.00;1_1.164;1179.46,1041.79;221.00;3;2.81;;;;
218.00;1_2.41;247.00;1_1.164;;;;;1184.74,1034.87;219.00;3;3.38
218.00;1_1.164;247.00;1_2.41;1179.46,1041.79;221.00;2;2.81;;;;
218.00;1_1.164;247.00;1_2.41;;;;;1184.74,1034.87;219.00;2;3.38
232.00;1_1.183;256.00;1_2.49;1182.76,1037.47;232.00;2;3.42;;;;
232.00;1_1.183;256.00;1_2.49;;;;;1182.76,1037.47;232.00;2;3.65
232.00;1_2.49;256.00;1_1.183;1182.76,1037.47;232.00;3;3.42;;;;
232.00;1_2.49;256.00;1_1.183;;;;;1182.76,1037.47;232.00;3;3.65
242.00;1_2.54;268.00;1_1.190;1182.34,1032.73;242.00;3;3.32;;;;
242.00;1_2.54;268.00;1_1.190;;;;;1182.34,1032.73;242.00;3;4.22
242.00;1_1.190;268.00;1_2.54;1182.34,1032.73;242.00;2;3.32;;;;
242.00;1_1.190;268.00;1_2.54;;;;;1182.34,1032.73;242.00;2;4.22
256.00;1_2.66;280.00;1_1.206;1176.52,1035.10;257.00;3;3.63;;;;
256.00;1_2.66;280.00;1_1.206;;;;;1179.35,1031.38;256.00;3;3.50
256.00;1_1.206;280.00;1_2.66;1176.52,1035.10;257.00;2;3.63;;;;
256.00;1_1.206;280.00;1_2.66;;;;;1179.35,1031.38;256.00;2;3.50
283.00;1_2.68;308.00;1_1.222;1179.08,1042.30;285.00;3;3.11;;;;
283.00;1_2.68;308.00;1_1.222;;;;;1182.19,1038.21;284.00;3;3.35
283.00;1_1.231;310.00;1_2.62;1180.45,1035.22;284.00;2;3.11;;;;
283.00;1_1.231;310.00;1_2.62;;;;;1182.45,1032.60;283.00;2;4.29
283.00;1_2.62;310.00;1_1.231;1180.45,1035.22;284.00;3;3.11;;;;
283.00;1_2.62;310.00;1_1.231;;;;;1182.45,1032.60;283.00;3;4.29
283.00;1_1.222;308.00;1_2.68;1179.08,1042.30;285.00;2;3.11;;;;
283.00;1_1.222;308.00;1_2.68;;;;;1182.19,1038.21;284.00;2;3.35
334.00;2_2.0;360.00;1_1.273;1183.07,1037.05;336.00;3;2.72;;;;
334.00;2_2.0;360.00;1_1.273;;;;;1185.07,1034.43;335.00;3;4.20
334.00;1_1.273;360.00;2_2.0;1183.07,1037.05;336.00;2;2.72;;;;
334.00;1_1.273;360.00;2_2.0;;;;;1185.07,1034.43;335.00;2;4.20
366.00;2_2.8;386.00;1_1.313;1183.19,1036.90;367.00;3;3.24;;;;
366.00;2_2.8;386.00;1_1.313;;;;;1183.19,1036.90;367.00;3;3.44
365.00;2_2.1;391.00;1_1.305;1180.33,1035.37;366.00;3;3.07;;;;
365.00;2_2.1;391.00;1_1.305;;;;;1182.54,1032.48;365.00;3;3.68
365.00;1_1.305;391.00;2_2.1;1180.33,1035.37;366.00;2;3.07;;;;
365.00;1_1.305;391.00;2_2.1;;;;;1182.54,1032.48;365.00;2;3.68
366.00;1_1.313;386.00;2_2.8;1183.19,1036.90;367.00;2;3.24;;;;
366.00;1_1.313;386.00;2_2.8;;;;;1183.19,1036.90;367.00;2;3.44
415.00;2_2.16;441.00;2_1.30;1180.67,1034.94;416.00;3;3.03;;;;
415.00;2_2.16;441.00;2_1.30;;;;;1180.67,1034.94;416.00;3;3.73
415.00;2_1.30;441.00;2_2.16;1180.67,1034.94;416.00;2;3.03;;;;
415.00;2_1.30;441.00;2_2.16;;;;;1180.67,1034.94;416.00;2;3.73
430.00;2_2.15;453.00;2_1.49;1177.46,1033.86;430.00;3;3.52;;;;
430.00;2_2.15;453.00;2_1.49;;;;;1177.46,1033.86;430.00;3;3.52
430.00;2_1.49;453.00;2_2.15;1177.46,1033.86;430.00;2;3.52;;;;
430.00;2_1.49;453.00;2_2.15;;;;;1177.46,1033.86;430.00;2;3.52
450.00;2_2.18;476.00;2_1.65;1181.48,1039.14;451.00;3;3.29;;;;
450.00;2_2.18;476.00;2_1.65;;;;;1184.47,1035.22;450.00;3;3.69
450.00;2_1.65;476.00;2_2.18;1181.48,1039.14;451.00;2;3.29;;;;
450.00;2_1.65;476.00;2_2.18;;;;;1184.47,1035.22;450.00;2;3.69
459.00;2_2.22;489.00;2_1.62;1183.26,1036.80;461.00;3;2.59;;;;
459.00;2_2.22;489.00;2_1.62;;;;;1185.16,1034.32;460.00;3;4.19
459.00;2_1.62;489.00;2_2.22;1183.26,1036.80;461.00;2;2.59;;;;
459.00;2_1.62;489.00;2_2.22;;;;;1185.16,1034.32;460.00;2;4.19
485.00;2_2.28;510.00;2_1.106;1181.58,1039.01;486.00;3;3.58;;;;
485.00;2_2.28;510.00;2_1.106;;;;;1184.50,1035.18;485.00;3;3.42
485.00;2_1.106;510.00;2_2.28;1181.58,1039.01;486.00;2;3.58;;;;
485.00;2_1.106;510.00;2_2.28;;;;;1184.50,1035.18;485.00;2;3.42
518.00;2_2.33;544.00;2_1.134;1180.38,1035.31;519.00;3;3.05;;;;
518.00;2_2.33;544.00;2_1.134;;;;;1180.38,1035.31;519.00;3;3.60
518.00;2_1.134;544.00;2_2.33;1180.38,1035.31;519.00;2;3.05;;;;
518.00;2_1.134;544.00;2_2.33;;;;;1180.38,1035.31;519.00;2;3.60
534.00;2_2.35;559.00;2_1.146;1182.75,1037.47;535.00;3;3.23;;;;
534.00;2_2.35;559.00;2_1.146;;;;;1182.75,1037.47;535.00;3;3.51
534.00;2_1.146;559.00;2_2.35;1182.75,1037.47;535.00;2;3.23;;;;
534.00;2_1.146;559.00;2_2.35;;;;;1182.75,1037.47;535.00;2;3.51
546.00;2_2.36;570.00;2_1.163;1182.18,1038.22;546.00;3;3.66;;;;
546.00;2_2.36;570.00;2_1.163;;;;;1182.18,1038.22;546.00;3;3.52
546.00;2_1.163;570.00;2_2.36;1182.18,1038.22;546.00;2;3.66;;;;
546.00;2_1.163;570.00;2_2.36;;;;;1182.18,1038.22;546.00;2;3.52
563.00;2_2.38;586.00;2_1.171;1180.78,1040.06;566.00;3;2.30;;;;
563.00;2_2.38;586.00;2_1.171;;;;;1184.40,1035.31;564.00;3;4.15
563.00;2_1.171;586.00;2_2.38;1180.78,1040.06;566.00;2;2.30;;;;
563.00;2_1.171;586.00;2_2.38;;;;;1184.40,1035.31;564.00;2;4.15
575.00;2_2.42;602.00;2_1.187;1179.52,1036.44;576.00;3;3.40;;;;
575.00;2_2.42;602.00;2_1.187;;;;;1182.22,1032.90;575.00;3;3.61
575.00;2_1.187;602.00;2_2.42;1179.52,1036.44;576.00;2;3.40;;;;
575.00;2_1.187;602.00;2_2.42;;;;;1182.22,1032.90;575.00;2;3.61
603.00;3_2.0;631.00;2_1.212;1181.72,1033.55;605.00;3;2.45;;;;
603.00;3_2.0;631.00;2_1.212;;;;;1181.72,1033.55;605.00;3;4.09
603.00;2_1.212;631.00;3_2.0;1181.72,1033.55;605.00;2;2.45;;;;
603.00;2_1.212;631.00;3_2.0;;;;;1181.72,1033.55;605.00;2;4.09
621.00;2_2.46;646.00;2_1.234;1182.67,1037.57;622.00;3;3.31;;;;
621.00;2_2.46;646.00;2_1.234;;;;;1182.67,1037.57;622.00;3;3.46
621.00;3_2.1;647.00;2_1.230;1182.24,1032.87;621.00;3;3.32;;;;
621.00;3_2.1;647.00;2_1.230;;;;;1182.24,1032.87;621.00;3;3.96
622.00;3_2.3;647.00;2_1.239;1179.53,1031.14;622.00;3;3.24;;;;
622.00;3_2.3;647.00;2_1.239;;;;;1179.53,1031.14;622.00;3;4.00
621.00;2_1.230;647.00;3_2.1;1182.24,1032.87;621.00;2;3.32;;;;
621.00;2_1.230;647.00;3_2.1;;;;;1182.24,1032.87;621.00;2;3.96
621.00;2_1.234;646.00;2_2.46;1182.67,1037.57;622.00;2;3.31;;;;
621.00;2_1.234;646.00;2_2.46;;;;;1182.67,1037.57;622.00;2;3.46
622.00;2_1.239;647.00;3_2.3;1179.53,1031.14;622.00;2;3.24;;;;
622.00;2_1.239;647.00;3_2.3;;;;;1179.53,1031.14;622.00;2;4.00
638.00;3_2.4;665.00;2_1.242;1184.42,1035.29;639.00;3;2.73;;;;
638.00;3_2.4;665.00;2_1.242;;;;;1184.42,1035.29;639.00;3;3.69
638.00;2_1.242;665.00;3_2.4;1184.42,1035.29;639.00;2;2.73;;;;
638.00;2_1.242;665.00;3_2.4;;;;;1184.42,1035.29;639.00;2;3.69
656.00;3_2.5;683.00;2_1.276;1179.48,1036.50;657.00;3;3.19;;;;
656.00;3_2.5;683.00;2_1.276;;;;;1179.48,1036.50;657.00;3;3.35
656.00;2_1.276;683.00;3_2.5;1179.48,1036.50;657.00;2;3.19;;;;
656.00;2_1.276;683.00;3_2.5;;;;;1179.48,1036.50;657.00;2;3.35
739.00;3_2.21;765.00;3_1.28;1182.59,1037.69;740.00;3;2.97;;;;
739.00;3_2.21;765.00;3_1.28;;;;;1184.96,1034.58;739.00;3;4.13
742.00;3_2.23;766.00;3_1.23;1175.05,1037.02;743.00;3;3.46;;;;
742.00;3_2.23;766.00;3_1.23;;;;;1178.18,1032.91;742.00;3;3.60
739.00;3_1.28;765.00;3_2.21;1182.59,1037.69;740.00;2;2.97;;;;
739.00;3_1.28;765.00;3_2.21;;;;;1184.96,1034.58;739.00;2;4.13
742.00;3_1.23;766.00;3_2.23;1175.05,1037.02;743.00;2;3.46;;;;
742.00;3_1.23;766.00;3_2.23;;;;;1178.18,1032.91;742.00;2;3.60
792.00;3_2.37;821.00;3_1.66;1184.84,1034.73;793.00;3;2.23;;;;
792.00;3_2.37;821.00;3_1.66;;;;;1184.84,1034.73;793.00;3;3.45
792.00;3_1.66;821.00;3_2.37;1184.84,1034.73;793.00;2;2.23;;;;
792.00;3_1.66;821.00;3_2.37;;;;;1184.84,1034.73;793.00;2;3.45
815.00;3_2.41;843.00;3_1.94;1178.50,1043.05;818.00;3;3.08;;;;
815.00;3_2.41;843.00;3_1.94;;;;;1184.56,1035.09;816.00;3;3.48
815.00;3_1.94;843.00;3_2.41;1178.50,1043.05;818.00;2;3.08;;;;
815.00;3_1.94;843.00;3_2.41;;;;;1184.56,1035.09;816.00;2;3.48
822.00;3_2.30;847.00;3_1.109;1182.43,1032.62;822.00;3;2.93;;;;
822.00;3_2.30;847.00;3_1.109;;;;;1182.43,1032.62;822.00;3;4.38
822.00;3_1.109;847.00;3_2.30;1182.43,1032.62;822.00;2;2.93;;;;
822.00;3_1.109;847.00;3_2.30;;;;;1182.43,1032.62;822.00;2;4.38
832.00;3_1.119;859.00;3_2.46;1182.81,1037.40;833.00;2;3.24;;;;
832.00;3_1.119;859.00;3_2.46;;;;;1182.81,1037.40;833.00;2;3.57
832.00;3_2.46;859.00;3_1.119;1182.81,1037.40;833.00;3;3.24;;;;
832.00;3_2.46;859.00;3_1.119;;;;;1182.81,1037.40;833.00;3;3.57
879.00;3_2.54;908.00;3_1.153;1185.11,1034.38;880.00;3;2.20;;;;
879.00;3_2.54;908.00;3_1.153;;;;;1185.11,1034.38;880.00;3;3.50
879.00;3_1.153;908.00;3_2.54;1185.11,1034.38;880.00;2;2.20;;;;
879.00;3_1.153;908.00;3_2.54;;;;;1185.11,1034.38;880.00;2;3.50
909.00;3_2.55;936.00;3_1.191;1183.07,1037.06;910.00;3;2.87;;;;
909.00;3_2.55;936.00;3_1.191;;;;;1183.07,1037.06;910.00;3;3.53
909.00;3_1.191;936.00;3_2.55;1183.07,1037.06;910.00;2;2.87;;;;
909.00;3_1.191;936.00;3_2.55;;;;;1183.07,1037.06;910.00;2;3.53
915.00;3_1.193;937.00;3_2.70;1183.31,1036.75;917.00;2;2.53;;;;
915.00;3_1.193;937.00;3_2.70;;;;;1185.17,1034.30;916.00;2;4.13
915.00;3_2.70;937.00;3_1.193;1183.31,1036.75;917.00;3;2.53;;;;
915.00;3_2.70;937.00;3_1.193;;;;;1185.17,1034.30;916.00;3;4.13
944.00;4_2.5;972.00;3_1.209;1182.94,1037.22;946.00;3;2.53;;;;
944.00;4_2.5;972.00;3_1.209;;;;;1185.97,1033.25;944.00;3;3.45
944.00;3_1.209;972.00;4_2.5;1182.94,1037.22;946.00;2;2.53;;;;
944.00;3_1.209;972.00;4_2.5;;;;;1185.97,1033.25;944.00;2;3.45
967.00;4_2.10;991.00;3_1.252;1177.13,1034.29;967.00;3;3.68;;;;
967.00;4_2.10;991.00;3_1.252;;;;;1177.13,1034.29;967.00;3;3.56
967.00;3_1.252;991.00;4_2.10;1177.13,1034.29;967.00;2;3.68;;;;
967.00;3_1.252;991.00;4_2.10;;;;;1177.13,1034.29;967.00;2;3.56
979.00;4_2.13;1006.00;3_1.257;1182.87,1037.32;980.00;3;3.23;;;;
979.00;4_2.13;1006.00;3_1.257;;;;;1185.03,1034.49;979.00;3;3.46
979.00;3_1.257;1006.00;4_2.13;1182.87,1037.32;980.00;2;3.23;;;;
979.00;3_1.257;1006.00;4_2.13;;;;;1185.03,1034.49;979.00;2;3.46
995.00;4_2.12;1020.00;3_1.274;1177.74,1033.49;995.00;3;3.57;;;;
995.00;4_2.12;1020.00;3_1.274;;;;;1177.74,1033.49;995.00;3;3.45
995.00;3_1.274;1020.00;4_2.12;1177.74,1033.49;995.00;2;3.57;;;;
995.00;3_1.274;1020.00;4_2.12;;;;;1177.74,1033.49;995.00;2;3.45
999.00;4_2.16;1029.00;3_1.273;1185.97,1033.25;999.00;3;2.95;;;;
999.00;4_2.16;1029.00;3_1.273;;;;;1185.97,1033.25;999.00;3;3.39
999.00;3_1.273;1029.00;4_2.16;1185.97,1033.25;999.00;2;2.95;;;;
999.00;3_1.273;1029.00;4_2.16;;;;;1185.97,1033.25;999.00;2;3.39
1036.00;4_2.21;1060.00;3_1.317;1176.87,1034.64;1037.00;3;3.18;;;;
1036.00;4_2.21;1060.00;3_1.317;;;;;1179.51,1031.17;1036.00;3;3.90
1036.00;3_1.317;1060.00;4_2.21;1176.87,1034.64;1037.00;2;3.18;;;;
1036.00;3_1.317;1060.00;4_2.21;;;;;1179.51,1031.17;1036.00;2;3.90
1035.00;4_2.17;1064.00;3_1.315;1179.52,1041.71;1037.00;3;3.20;;;;
1035.00;4_2.17;1064.00;3_1.315;;;;;1185.11,1034.38;1035.00;3;3.82
1035.00;3_1.315;1064.00;4_2.17;1179.52,1041.71;1037.00;2;3.20;;;;
1035.00;3_1.315;1064.00;4_2.17;;;;;1185.11,1034.38;1035.00;2;3.82
1059.00;4_2.25;1085.00;4_1.5;1182.60,1037.67;1060.00;3;3.27;;;;
1059.00;4_2.25;1085.00;4_1.5;;;;;1184.99,1034.54;1059.00;3;4.03
1059.00;4_1.5;1085.00;4_2.25;1182.60,1037.67;1060.00;2;3.27;;;;
1059.00;4_1.5;1085.00;4_2.25;;;;;1184.99,1034.54;1059.00;2;4.03
1072.00;4_2.28;1096.00;4_1.18;1176.61,1034.98;1073.00;3;3.24;;;;
1072.00;4_2.28;1096.00;4_1.18;;;;;1179.32,1031.42;1072.00;3;3.42
1072.00;4_1.18;1096.00;4_2.28;1176.61,1034.98;1073.00;2;3.24;;;;
1072.00;4_1.18;1096.00;4_2.28;;;;;1179.32,1031.42;1072.00;2;3.42
1072.00;4_2.30;1103.00;4_1.15;1178.58,1037.67;1074.00;3;3.09;;;;
1072.00;4_2.30;1103.00;4_1.15;;;;;1181.06,1034.42;1073.00;3;3.68
1072.00;4_1.15;1103.00;4_2.30;1178.58,1037.67;1074.00;2;3.09;;;;
1072.00;4_1.15;1103.00;4_2.30;;;;;1181.06,1034.42;1073.00;2;3.68
1075.00;4_2.33;1105.00;4_1.16;1184.46,1035.23;1076.00;3;2.86;;;;
1075.00;4_2.33;1105.00;4_1.16;;;;;1185.97,1033.25;1075.00;3;3.54
1075.00;4_1.16;1105.00;4_2.33;1184.46,1035.23;1076.00;2;2.86;;;;
1075.00;4_1.16;1105.00;4_2.33;;;;;1185.97,1033.25;1075.00;2;3.54
1091.00;4_2.31;1116.00;4_1.40;1182.17,1038.23;1092.00;3;3.26;;;;
1091.00;4_2.31;1116.00;4_1.40;;;;;1182.17,1038.23;1092.00;3;3.47
1091.00;4_1.40;1116.00;4_2.31;1182.17,1038.23;1092.00;2;3.26;;;;
1091.00;4_1.40;1116.00;4_2.31;;;;;1182.17,1038.23;1092.00;2;3.47
1115.00;4_1.52;1137.00;4_2.38;1182.04,1038.41;1117.00;2;2.99;;;;
1115.00;4_1.52;1137.00;4_2.38;;;;;1184.65,1034.98;1116.00;2;3.92
1115.00;4_2.38;1137.00;4_1.52;1182.04,1038.41;1117.00;3;2.99;;;;
1115.00;4_2.38;1137.00;4_1.52;;;;;1184.65,1034.98;1116.00;3;3.92
1120.00;4_2.40;1148.00;4_1.66;1179.32,1036.71;1121.00;3;3.27;;;;
1120.00;4_2.40;1148.00;4_1.66;;;;;1181.89,1033.34;1120.00;3;3.92
1120.00;4_1.66;1148.00;4_2.40;1179.32,1036.71;1121.00;2;3.27;;;;
1120.00;4_1.66;1148.00;4_2.40;;;;;1181.89,1033.34;1120.00;2;3.92
1155.00;4_2.43;1181.00;4_1.100;1180.15,1040.89;1157.00;3;3.02;;;;
1155.00;4_2.43;1181.00;4_1.100;;;;;1183.05,1037.08;1156.00;3;3.84
1155.00;4_1.100;1181.00;4_2.43;1180.15,1040.89;1157.00;2;3.02;;;;
1155.00;4_1.100;1181.00;4_2.43;;;;;1183.05,1037.08;1156.00;2;3.84
1166.00;4_2.45;1190.00;4_1.109;1179.93,1035.90;1167.00;3;3.02;;;;
1166.00;4_2.45;1190.00;4_1.109;;;;;1182.35,1032.73;1166.00;3;4.04
1166.00;4_1.109;1190.00;4_2.45;1179.93,1035.90;1167.00;2;3.02;;;;
1166.00;4_1.109;1190.00;4_2.45;;;;;1182.35,1032.73;1166.00;2;4.04
1183.00;4_2.51;1207.00;4_1.128;1182.64,1037.61;1184.00;3;3.32;;;;
1183.00;4_2.51;1207.00;4_1.128;;;;;1182.64,1037.61;1184.00;3;3.55
1183.00;4_1.128;1207.00;4_2.51;1182.64,1037.61;1184.00;2;3.32;;;;
1183.00;4_1.128;1207.00;4_2.51;;;;;1182.64,1037.61;1184.00;2;3.55
1222.00;4_1.157;1248.00;4_2.56;1177.55,1039.03;1223.00;2;3.75;;;;
1222.00;4_1.157;1248.00;4_2.56;;;;;1180.49,1035.16;1222.00;2;3.56
1222.00;4_2.56;1248.00;4_1.157;1177.55,1039.03;1223.00;3;3.75;;;;
1222.00;4_2.56;1248.00;4_1.157;;;;;1180.49,1035.16;1222.00;3;3.56
1228.00;5_2.7;1254.00;4_1.174;1177.07,1034.37;1229.00;3;3.32;;;;
1228.00;5_2.7;1254.00;4_1.174;;;;;1179.43,1031.27;1228.00;3;3.72
1228.00;4_1.174;1254.00;5_2.7;1177.07,1034.37;1229.00;2;3.32;;;;
1228.00;4_1.174;1254.00;5_2.7;;;;;1179.43,1031.27;1228.00;2;3.72
1231.00;5_2.3;1257.00;4_1.172;1182.27,1032.83;1232.00;3;2.12;;;;
1231.00;5_2.3;1257.00;4_1.172;;;;;1182.27,1032.83;1232.00;3;3.65
1231.00;4_1.172;1257.00;5_2.3;1182.27,1032.83;1232.00;2;2.12;;;;
1231.00;4_1.172;1257.00;5_2.3;;;;;1182.27,1032.83;1232.00;2;3.65
1241.00;5_2.1;1261.00;4_1.176;1185.03,1034.48;1242.00;3;1.62;;;;
1241.00;5_2.1;1261.00;4_1.176;;;;;1185.03,1034.48;1242.00;3;3.71
1241.00;4_1.176;1261.00;5_2.1;1185.03,1034.48;1242.00;2;1.62;;;;
1241.00;4_1.176;1261.00;5_2.1;;;;;1185.03,1034.48;1242.00;2;3.71
1254.00;5_2.8;1279.00;4_1.194;1183.34,1036.70;1255.00;3;3.02;;;;
1254.00;5_2.8;1279.00;4_1.194;;;;;1183.34,1036.70;1255.00;3;3.42
1254.00;4_1.194;1279.00;5_2.8;1183.34,1036.70;1255.00;2;3.02;;;;
1254.00;4_1.194;1279.00;5_2.8;;;;;1183.34,1036.70;1255.00;2;3.42
1277.00;5_2.20;1301.00;4_1.217;1178.73,1042.75;1279.00;3;3.16;;;;
1277.00;5_2.20;1301.00;4_1.217;;;;;1184.58,1035.07;1277.00;3;3.82
1277.00;4_1.217;1301.00;5_2.20;1178.73,1042.75;1279.00;2;3.16;;;;
1277.00;4_1.217;1301.00;5_2.20;;;;;1184.58,1035.07;1277.00;2;3.82
1328.00;5_2.23;1351.00;4_1.274;1173.99,1038.42;1329.00;3;3.77;;;;
1328.00;5_2.23;1351.00;4_1.274;;;;;1177.79,1033.43;1328.00;3;3.56
1328.00;4_1.274;1351.00;5_2.23;1173.99,1038.42;1329.00;2;3.77;;;;
1328.00;4_1.274;1351.00;5_2.23;;;;;1177.79,1033.43;1328.00;2;3.56
1351.00;5_2.27;1377.00;4_1.293;1182.88,1037.30;1352.00;3;3.10;;;;
1351.00;5_2.27;1377.00;4_1.293;;;;;1185.10,1034.39;1351.00;3;3.94
1351.00;4_1.293;1377.00;5_2.27;1182.88,1037.30;1352.00;2;3.10;;;;
1351.00;4_1.293;1377.00;5_2.27;;;;;1185.10,1034.39;1351.00;2;3.94
1357.00;5_2.34;1390.00;4_1.294;1173.66,1044.13;1361.00;3;2.62;;;;
1357.00;5_2.34;1390.00;4_1.294;;;;;1182.75,1032.20;1357.00;3;3.86
1357.00;4_1.294;1390.00;5_2.34;1173.66,1044.13;1361.00;2;2.62;;;;
1357.00;4_1.294;1390.00;5_2.34;;;;;1182.75,1032.20;1357.00;2;3.86
1425.00;5_2.51;1453.00;5_1.19;1182.78,1037.43;1427.00;3;3.09;;;;
1425.00;5_2.51;1453.00;5_1.19;;;;;1185.97,1033.25;1425.00;3;3.73
1425.00;5_1.19;1453.00;5_2.51;1182.78,1037.43;1427.00;2;3.09;;;;
1425.00;5_1.19;1453.00;5_2.51;;;;;1185.97,1033.25;1425.00;2;3.73
1444.00;5_1.36;1465.00;5_2.47;1168.98,1050.27;1447.00;2;3.15;;;;
1444.00;5_1.36;1465.00;5_2.47;;;;;1179.09,1037.01;1444.00;2;3.62
1444.00;5_2.47;1465.00;5_1.36;1168.98,1050.27;1447.00;3;3.15;;;;
1444.00;5_2.47;1465.00;5_1.36;;;;;1179.09,1037.01;1444.00;3;3.62
1447.00;5_2.50;1476.00;5_1.32;1183.44,1036.57;1449.00;3;2.93;;;;
1447.00;5_2.50;1476.00;5_1.32;;;;;1185.45,1033.93;1448.00;3;3.61
1447.00;5_1.32;1476.00;5_2.50;1183.44,1036.57;1449.00;2;2.93;;;;
1447.00;5_1.32;1476.00;5_2.50;;;;;1185.45,1033.93;1448.00;2;3.61
1482.00;5_2.62;1509.00;5_1.69;1183.45,1036.56;1484.00;3;2.50;;;;
1482.00;5_2.62;1509.00;5_1.69;;;;;1183.45,1036.56;1484.00;3;3.66
1493.00;5_2.59;1509.00;5_1.88;1182.19,1038.20;1493.00;3;3.52;;;;
1493.00;5_2.59;1509.00;5_1.88;;;;;1182.19,1038.20;1493.00;3;3.41
1482.00;5_1.69;1509.00;5_2.62;1183.45,1036.56;1484.00;2;2.50;;;;
1482.00;5_1.69;1509.00;5_2.62;;;;;1183.45,1036.56;1484.00;2;3.66
1493.00;5_1.88;1509.00;5_2.59;1182.19,1038.20;1493.00;2;3.52;;;;
1493.00;5_1.88;1509.00;5_2.59;;;;;1182.19,1038.20;1493.00;2;3.41
1498.00;5_2.68;1522.00;5_1.91;1180.32,1035.39;1498.00;3;3.50;;;;
1498.00;5_2.68;1522.00;5_1.91;;;;;1180.32,1035.39;1498.00;3;3.45
1498.00;5_1.91;1522.00;5_2.68;1180.32,1035.39;1498.00;2;3.50;;;;
1498.00;5_1.91;1522.00;5_2.68;;;;;1180.32,1035.39;1498.00;2;3.45
1517.00;5_2.65;1542.00;5_1.106;1182.83,1037.37;1517.00;3;3.52;;;;
1517.00;5_2.65;1542.00;5_1.106;;;;;1182.83,1037.37;1517.00;3;3.45
1517.00;5_1.106;1542.00;5_2.65;1182.83,1037.37;1517.00;2;3.52;;;;
1517.00;5_1.106;1542.00;5_2.65;;;;;1182.83,1037.37;1517.00;2;3.45
1531.00;5_2.85;1557.00;5_1.115;1182.81,1037.40;1533.00;3;2.60;;;;
1531.00;5_2.85;1557.00;5_1.115;;;;;1184.84,1034.73;1532.00;3;3.80
1533.00;5_2.66;1558.00;5_1.120;1177.22,1034.17;1535.00;3;3.00;;;;
1533.00;5_2.66;1558.00;5_1.120;;;;;1179.67,1030.96;1534.00;3;3.84
1531.00;5_1.115;1557.00;5_2.85;1182.81,1037.40;1533.00;2;2.60;;;;
1531.00;5_1.115;1557.00;5_2.85;;;;;1184.84,1034.73;1532.00;2;3.80
1533.00;5_1.120;1558.00;5_2.66;1177.22,1034.17;1535.00;2;3.00;;;;
1533.00;5_1.120;1558.00;5_2.66;;;;;1179.67,1030.96;1534.00;2;3.84
1557.00;5_2.74;1575.00;5_1.138;1179.54,1036.42;1558.00;3;3.14;;;;
1557.00;5_2.74;1575.00;5_1.138;;;;;1182.26,1032.85;1557.00;3;4.05
1557.00;5_1.138;1575.00;5_2.74;1179.54,1036.42;1558.00;2;3.14;;;;
1557.00;5_1.138;1575.00;5_2.74;;;;;1182.26,1032.85;1557.00;2;4.05
1601.00;5_1.191;1621.00;6_2.2;1182.35,1038.00;1602.00;2;3.14;;;;
1601.00;5_1.191;1621.00;6_2.2;;;;;1184.68,1034.94;1601.00;2;4.26
1601.00;6_2.2;1621.00;5_1.191;1182.35,1038.00;1602.00;3;3.14;;;;
1601.00;6_2.2;1621.00;5_1.191;;;;;1184.68,1034.94;1601.00;3;4.26
1605.00;5_2.79;1627.00;5_1.196;1176.21,1040.78;1606.00;3;3.79;;;;
1605.00;5_2.79;1627.00;5_1.196;;;;;1180.00,1035.81;1605.00;3;3.38
1605.00;5_1.196;1627.00;5_2.79;1176.21,1040.78;1606.00;2;3.79;;;;
1605.00;5_1.196;1627.00;5_2.79;;;;;1180.00,1035.81;1605.00;2;3.38
1614.00;5_2.84;1642.00;5_1.204;1180.15,1035.61;1615.00;3;3.23;;;;
1614.00;5_2.84;1642.00;5_1.204;;;;;1182.40,1032.66;1614.00;3;4.32
1614.00;5_1.204;1642.00;5_2.84;1180.15,1035.61;1615.00;2;3.23;;;;
1614.00;5_1.204;1642.00;5_2.84;;;;;1182.40,1032.66;1614.00;2;4.32
1628.00;6_2.0;1655.00;5_1.218;1180.48,1035.18;1629.00;3;3.20;;;;
1628.00;6_2.0;1655.00;5_1.218;;;;;1180.48,1035.18;1629.00;3;3.63
1628.00;5_1.218;1655.00;6_2.0;1180.48,1035.18;1629.00;2;3.20;;;;
1628.00;5_1.218;1655.00;6_2.0;;;;;1180.48,1035.18;1629.00;2;3.63
1647.00;5_1.235;1674.00;5_2.88;1184.59,1035.06;1648.00;2;2.58;;;;
1647.00;5_1.235;1674.00;5_2.88;;;;;1184.59,1035.06;1648.00;2;3.51
1647.00;5_2.88;1674.00;5_1.235;1184.59,1035.06;1648.00;3;2.58;;;;
1647.00;5_2.88;1674.00;5_1.235;;;;;1184.59,1035.06;1648.00;3;3.51
1681.00;6_2.9;1708.00;5_1.271;1175.32,1036.67;1683.00;3;2.92;;;;
1681.00;6_2.9;1708.00;5_1.271;;;;;1179.87,1030.70;1681.00;3;4.18
1681.00;5_1.271;1708.00;6_2.9;1175.32,1036.67;1683.00;2;2.92;;;;
1681.00;5_1.271;1708.00;6_2.9;;;;;1179.87,1030.70;1681.00;2;4.18
1683.00;6_2.12;1710.00;5_1.273;1182.37,1032.70;1683.00;3;3.24;;;;
1683.00;6_2.12;1710.00;5_1.273;;;;;1182.37,1032.70;1683.00;3;4.28
1683.00;5_1.273;1710.00;6_2.12;1182.37,1032.70;1683.00;2;3.24;;;;
1683.00;5_1.273;1710.00;6_2.12;;;;;1182.37,1032.70;1683.00;2;4.28
1716.00;6_2.24;1745.00;5_1.299;1181.62,1038.95;1717.00;3;3.40;;;;
1716.00;6_2.24;1745.00;5_1.299;;;;;1184.50,1035.18;1716.00;3;3.39
1716.00;5_1.299;1745.00;6_2.24;1181.62,1038.95;1717.00;2;3.40;;;;
1716.00;5_1.299;1745.00;6_2.24;;;;;1184.50,1035.18;1716.00;2;3.39
1730.00;6_2.27;1757.00;5_1.315;1184.75,1034.85;1731.00;3;2.88;;;;
1730.00;6_2.27;1757.00;5_1.315;;;;;1184.75,1034.85;1731.00;3;3.72
1730.00;5_1.315;1757.00;6_2.27;1184.75,1034.85;1731.00;2;2.88;;;;
1730.00;5_1.315;1757.00;6_2.27;;;;;1184.75,1034.85;1731.00;2;3.72
1753.00;6_1.6;1773.00;6_2.31;1176.45,1040.46;1755.00;2;3.31;;;;
1753.00;6_1.6;1773.00;6_2.31;;;;;1182.43,1032.62;1753.00;2;3.52
1753.00;6_2.31;1773.00;6_1.6;1176.45,1040.46;1755.00;3;3.31;;;;
1753.00;6_2.31;1773.00;6_1.6;;;;;1182.43,1032.62;1753.00;3;3.52
1796.00;6_2.36;1824.00;6_1.43;1180.89,1034.65;1798.00;3;2.27;;;;
1796.00;6_2.36;1824.00;6_1.43;;;;;1182.57,1032.43;1797.00;3;3.95
1796.00;6_1.43;1824.00;6_2.36;1180.89,1034.65;1798.00;2;2.27;;;;
1796.00;6_1.43;1824.00;6_2.36;;;;;1182.57,1032.43;1797.00;2;3.95
1811.00;7_2.0;1828.00;6_1.60;1177.14,1034.28;1811.00;3;3.49;;;;
1811.00;7_2.0;1828.00;6_1.60;;;;;1177.14,1034.28;1811.00;3;3.48
1804.00;6_2.37;1831.00;6_1.53;1184.75,1034.85;1805.00;3;1.73;;;;
1804.00;6_2.37;1831.00;6_1.53;;;;;1184.75,1034.85;1805.00;3;3.61
1804.00;6_1.53;1831.00;6_2.37;1184.75,1034.85;1805.00;2;1.73;;;;
1804.00;6_1.53;1831.00;6_2.37;;;;;1184.75,1034.85;1805.00;2;3.61
1811.00;6_1.60;1828.00;7_2.0;1177.14,1034.28;1811.00;2;3.49;;;;
1811.00;6_1.60;1828.00;7_2.0;;;;;1177.14,1034.28;1811.00;2;3.48
1844.00;7_2.3;1870.00;6_1.97;1175.86,1041.24;1846.00;3;3.37;;;;
1844.00;7_2.3;1870.00;6_1.97;;;;;1182.23,1032.89;1844.00;3;3.77
1844.00;6_1.97;1870.00;7_2.3;1175.86,1041.24;1846.00;2;3.37;;;;
1844.00;6_1.97;1870.00;7_2.3;;;;;1182.23,1032.89;1844.00;2;3.77
1873.00;6_1.123;1903.00;7_2.5;1182.79,1037.42;1875.00;2;2.84;;;;
1873.00;6_1.123;1903.00;7_2.5;;;;;1185.04,1034.47;1874.00;2;4.12
1873.00;7_2.5;1903.00;6_1.123;1182.79,1037.42;1875.00;3;2.84;;;;
1873.00;7_2.5;1903.00;6_1.123;;;;;1185.04,1034.47;1874.00;3;4.12
1946.00;7_2.10;1965.00;6_1.197;1177.52,1039.07;1948.00;3;3.26;;;;
1946.00;7_2.10;1965.00;6_1.197;;;;;1182.54,1032.48;1946.00;3;4.01
1946.00;6_1.197;1965.00;7_2.10;1177.52,1039.07;1948.00;2;3.26;;;;
1946.00;6_1.197;1965.00;7_2.10;;;;;1182.54,1032.48;1946.00;2;4.01
1975.00;6_1.221;1997.00;7_2.12;1182.91,1037.27;1977.00;2;2.82;;;;
1975.00;6_1.221;1997.00;7_2.12;;;;;1182.91,1037.27;1977.00;2;3.38
1975.00;7_2.12;1997.00;6_1.221;1182.91,1037.27;1977.00;3;2.82;;;;
1975.00;7_2.12;1997.00;6_1.221;;;;;1182.91,1037.27;1977.00;3;3.38
2000.00;7_2.13;2026.00;6_1.252;1179.19,1036.88;2001.00;3;3.35;;;;
2000.00;7_2.13;2026.00;6_1.252;;;;;1181.88,1033.35;2000.00;3;3.35
2000.00;6_1.252;2026.00;7_2.13;1179.19,1036.88;2001.00;2;3.35;;;;
2000.00;6_1.252;2026.00;7_2.13;;;;;1181.88,1033.35;2000.00;2;3.35
2074.00;7_2.18;2104.00;6_1.324;1170.97,1042.38;2076.00;3;3.06;;;;
2074.00;7_2.18;2104.00;6_1.324;;;;;1176.85,1034.66;2074.00;3;3.83
2074.00;6_1.324;2104.00;7_2.18;1170.97,1042.38;2076.00;2;3.06;;;;
2074.00;6_1.324;2104.00;7_2.18;;;;;1176.85,1034.66;2074.00;2;3.83
2110.00;8_2.1;2135.00;7_1.39;1182.36,1037.98;2111.00;3;3.23;;;;
2110.00;8_2.1;2135.00;7_1.39;;;;;1184.87,1034.69;2110.00;3;3.44
2110.00;7_1.39;2135.00;8_2.1;1182.36,1037.98;2111.00;2;3.23;;;;
2110.00;7_1.39;2135.00;8_2.1;;;;;1184.87,1034.69;2110.00;2;3.44
2119.00;8_2.3;2146.00;7_1.47;1180.26,1040.74;2121.00;3;3.62;;;;
2119.00;8_2.3;2146.00;7_1.47;;;;;1185.16,1034.31;2119.00;3;3.44
2119.00;7_1.47;2146.00;8_2.3;1180.26,1040.74;2121.00;2;3.62;;;;
2119.00;7_1.47;2146.00;8_2.3;;;;;1185.16,1034.31;2119.00;2;3.44
2222.00;8_2.19;2246.00;7_1.140;1177.28,1034.10;2222.00;3;3.38;;;;
2222.00;8_2.19;2246.00;7_1.140;;;;;1177.28,1034.10;2222.00;3;3.68
2222.00;7_1.140;2246.00;8_2.19;1177.28,1034.10;2222.00;2;3.38;;;;
2222.00;7_1.140;2246.00;8_2.19;;;;;1177.28,1034.10;2222.00;2;3.68
2246.00;8_2.25;2263.00;7_1.172;1183.02,1037.12;2247.00;3;2.92;;;;
2246.00;8_2.25;2263.00;7_1.172;;;;;1184.99,1034.54;2246.00;3;4.09
2246.00;7_1.172;2263.00;8_2.25;1183.02,1037.12;2247.00;2;2.92;;;;
2246.00;7_1.172;2263.00;8_2.25;;;;;1184.99,1034.54;2246.00;2;4.09
2274.00;8_2.26;2299.00;7_1.200;1181.72,1038.82;2276.00;3;2.88;;;;
2274.00;8_2.26;2299.00;7_1.200;;;;;1185.97,1033.25;2274.00;3;3.58
2274.00;7_1.200;2299.00;8_2.26;1181.72,1038.82;2276.00;2;2.88;;;;
2274.00;7_1.200;2299.00;8_2.26;;;;;1185.97,1033.25;2274.00;2;3.58
2322.00;8_2.35;2354.00;7_1.240;1173.39,1039.20;2325.00;3;2.83;;;;
2322.00;8_2.35;2354.00;7_1.240;;;;;1178.59,1032.38;2323.00;3;3.66
2322.00;7_1.240;2354.00;8_2.35;1173.39,1039.20;2325.00;2;2.83;;;;
2322.00;7_1.240;2354.00;8_2.35;;;;;1178.59,1032.38;2323.00;2;3.66
2360.00;8_2.38;2387.00;7_1.279;1182.74,1037.49;2362.00;3;2.74;;;;
2360.00;8_2.38;2387.00;7_1.279;;;;;1184.84,1034.74;2361.00;3;4.33
2360.00;7_1.279;2387.00;8_2.38;1182.74,1037.49;2362.00;2;2.74;;;;
2360.00;7_1.279;2387.00;8_2.38;;;;;1184.84,1034.74;2361.00;2;4.33
2373.00;8_2.39;2399.00;7_1.293;1179.11,1042.25;2375.00;3;3.23;;;;
2373.00;8_2.39;2399.00;7_1.293;;;;;1185.05,1034.45;2373.00;3;3.41
2375.00;8_2.42;2401.00;7_1.297;1180.52,1035.12;2376.00;3;3.21;;;;
2375.00;8_2.42;2401.00;7_1.297;;;;;1180.52,1035.12;2376.00;3;3.45
2373.00;7_1.293;2399.00;8_2.39;1179.11,1042.25;2375.00;2;3.23;;;;
2373.00;7_1.293;2399.00;8_2.39;;;;;1185.05,1034.45;2373.00;2;3.41
2375.00;7_1.297;2401.00;8_2.42;1180.52,1035.12;2376.00;2;3.21;;;;
2375.00;7_1.297;2401.00;8_2.42;;;;;1180.52,1035.12;2376.00;2;3.45
2419.00;8_1.10;2444.00;8_2.52;1177.37,1039.26;2420.00;2;3.37;;;;
2419.00;8_1.10;2444.00;8_2.52;;;;;1180.41,1035.28;2419.00;2;3.53
2419.00;8_2.52;2444.00;8_1.10;1177.37,1039.26;2420.00;3;3.37;;;;
2419.00;8_2.52;2444.00;8_1.10;;;;;1180.41,1035.28;2419.00;3;3.53
2388.00;8_1.22;2446.00;8_1.30;1191.35,1017.98;2442.00;3;0.77;;;;
2388.00;8_1.22;2446.00;8_1.30;;;;;1191.37,1017.95;2441.00;3;5.14
2388.00;8_1.30;2446.00;8_1.22;1191.35,1017.98;2442.00;2;0.77;;;;
2388.00;8_1.30;2446.00;8_1.22;;;;;1191.37,1017.95;2441.00;2;5.14
2438.00;8_1.22;2447.00;8_1.34;1191.35,1017.98;2442.00;3;2.27;;;;
2438.00;8_1.22;2447.00;8_1.34;;;;;1191.35,1017.98;2442.00;3;3.47
2428.00;9_2.3;2455.00;8_1.8;1181.32,1039.35;2430.00;3;2.78;;;;
2428.00;9_2.3;2455.00;8_1.8;;;;;1183.84,1036.04;2429.00;3;3.48
2428.00;8_1.8;2455.00;9_2.3;1181.32,1039.35;2430.00;2;2.78;;;;
2428.00;8_1.8;2455.00;9_2.3;;;;;1183.84,1036.04;2429.00;2;3.48
2438.00;8_1.34;2446.00;8_1.22;1191.35,1017.98;2442.00;2;2.27;;;;
2438.00;8_1.34;2446.00;8_1.22;;;;;1191.35,1017.98;2442.00;2;3.47
2465.00;9_2.7;2490.00;8_1.48;1183.26,1036.81;2466.00;3;2.96;;;;
2465.00;9_2.7;2490.00;8_1.48;;;;;1185.11,1034.38;2465.00;3;3.51
2465.00;8_1.48;2490.00;9_2.7;1183.26,1036.81;2466.00;2;2.96;;;;
2465.00;8_1.48;2490.00;9_2.7;;;;;1185.11,1034.38;2465.00;2;3.51
2496.00;9_2.12;2522.00;8_1.80;1182.57,1037.71;2497.00;3;2.91;;;;
2496.00;9_2.12;2522.00;8_1.80;;;;;1184.79,1034.80;2496.00;3;3.53
2496.00;8_1.80;2522.00;9_2.12;1182.57,1037.71;2497.00;2;2.91;;;;
2496.00;8_1.80;2522.00;9_2.12;;;;;1184.79,1034.80;2496.00;2;3.53
2502.00;9_2.14;2528.00;8_1.89;1182.06,1038.38;2503.00;3;3.04;;;;
2502.00;9_2.14;2528.00;8_1.89;;;;;1184.64,1034.99;2502.00;3;3.83
2502.00;8_1.89;2528.00;9_2.14;1182.06,1038.38;2503.00;2;3.04;;;;
2502.00;8_1.89;2528.00;9_2.14;;;;;1184.64,1034.99;2502.00;2;3.83
2522.00;8_1.111;2547.00;9_2.16;1177.79,1038.72;2524.00;2;3.17;;;;
2522.00;8_1.111;2547.00;9_2.16;;;;;1182.59,1032.41;2522.00;2;4.21
2522.00;9_2.16;2547.00;8_1.111;1177.79,1038.72;2524.00;3;3.17;;;;
2522.00;9_2.16;2547.00;8_1.111;;;;;1182.59,1032.41;2522.00;3;4.21
2528.00;9_2.18;2554.00;8_1.115;1182.77,1037.45;2529.00;3;3.10;;;;
2528.00;9_2.18;2554.00;8_1.115;;;;;1184.79,1034.80;2528.00;3;3.82
2528.00;8_1.115;2554.00;9_2.18;1182.77,1037.45;2529.00;2;3.10;;;;
2528.00;8_1.115;2554.00;9_2.18;;;;;1184.79,1034.80;2528.00;2;3.82
2546.00;9_2.22;2569.00;8_1.138;1177.14,1034.28;2546.00;3;3.84;;;;
2546.00;9_2.22;2569.00;8_1.138;;;;;1177.14,1034.28;2546.00;3;3.58
2546.00;8_1.138;2569.00;9_2.22;1177.14,1034.28;2546.00;2;3.84;;;;
2546.00;8_1.138;2569.00;9_2.22;;;;;1177.14,1034.28;2546.00;2;3.58
2539.00;8_1.158;2578.00;8_1.155;1205.76,999.72;2571.00;3;1.43;;;;
2539.00;8_1.158;2578.00;8_1.155;;;;;1205.76,999.72;2571.00;3;4.62
2539.00;8_1.155;2578.00;8_1.158;1205.76,999.72;2571.00;2;1.43;;;;
2539.00;8_1.155;2578.00;8_1.158;;;;;1205.76,999.72;2571.00;2;4.62
2522.00;8_1.166;2603.00;8_1.159;1213.95,994.39;2573.00;3;0.92;;;;
2522.00;8_1.166;2603.00;8_1.159;;;;;1213.95,994.39;2573.00;3;4.68
2573.00;8_1.166;2603.00;8_1.163;1212.19,996.66;2574.00;3;3.51;;;;
2573.00;8_1.166;2603.00;8_1.163;;;;;1213.95,994.39;2573.00;3;3.95
2522.00;8_1.159;2603.00;8_1.166;1213.95,994.39;2573.00;2;0.92;;;;
2522.00;8_1.159;2603.00;8_1.166;;;;;1213.95,994.39;2573.00;2;4.68
2573.00;8_1.159;2606.00;8_1.163;1216.82,990.71;2575.00;3;2.62;;;;
2573.00;8_1.159;2606.00;8_1.163;;;;;1216.82,990.71;2575.00;3;3.48
2573.00;8_1.163;2606.00;8_1.159;1216.82,990.71;2575.00;2;2.62;;;;
2573.00;8_1.163;2606.00;8_1.159;;;;;1216.82,990.71;2575.00;2;3.48
2573.00;8_1.163;2603.00;8_1.166;1212.19,996.66;2574.00;2;3.51;;;;
2573.00;8_1.163;2603.00;8_1.166;;;;;1213.95,994.39;2573.00;2;3.95
2587.00;8_1.180;2608.00;9_2.27;1184.72,1034.89;2588.00;2;1.78;;;;
2587.00;8_1.180;2608.00;9_2.27;;;;;1184.72,1034.89;2588.00;2;3.45
2587.00;9_2.27;2608.00;8_1.180;1184.72,1034.89;2588.00;3;1.78;;;;
2587.00;9_2.27;2608.00;8_1.180;;;;;1184.72,1034.89;2588.00;3;3.45
2595.00;9_2.29;2619.00;8_1.187;1176.10,1046.20;2597.00;3;3.39;;;;
2595.00;9_2.29;2619.00;8_1.187;;;;;1183.00,1037.15;2595.00;3;3.50
2595.00;8_1.187;2619.00;9_2.29;1176.10,1046.20;2597.00;2;3.39;;;;
2595.00;8_1.187;2619.00;9_2.29;;;;;1183.00,1037.15;2595.00;2;3.50
2606.00;8_1.198;2626.00;9_2.31;1178.27,1032.79;2607.00;2;2.94;;;;
2606.00;8_1.198;2626.00;9_2.31;;;;;1179.99,1030.53;2606.00;2;4.46
2606.00;9_2.31;2626.00;8_1.198;1178.27,1032.79;2607.00;3;2.94;;;;
2606.00;9_2.31;2626.00;8_1.198;;;;;1179.99,1030.53;2606.00;3;4.46
2631.00;9_2.35;2658.00;8_1.214;1183.22,1036.86;2632.00;3;3.05;;;;
2631.00;9_2.35;2658.00;8_1.214;;;;;1183.22,1036.86;2632.00;3;3.44
2631.00;8_1.214;2658.00;9_2.35;1183.22,1036.86;2632.00;2;3.05;;;;
2631.00;8_1.214;2658.00;9_2.35;;;;;1183.22,1036.86;2632.00;2;3.44
2645.00;9_2.37;2662.00;8_1.235;1174.61,1037.60;2646.00;3;3.32;;;;
2645.00;9_2.37;2662.00;8_1.235;;;;;1177.79,1033.42;2645.00;3;3.58
2645.00;8_1.235;2662.00;9_2.37;1174.61,1037.60;2646.00;2;3.32;;;;
2645.00;8_1.235;2662.00;9_2.37;;;;;1177.79,1033.42;2645.00;2;3.58
2703.00;8_1.284;2708.00;8_1.292;1194.03,1019.75;2704.00;3;2.89;;;;
2703.00;8_1.284;2708.00;8_1.292;;;;;1194.03,1019.75;2704.00;3;3.72
2691.00;9_2.44;2718.00;8_1.276;1182.95,1037.22;2692.00;3;2.96;;;;
2691.00;9_2.44;2718.00;8_1.276;;;;;1182.95,1037.22;2692.00;3;3.70
2691.00;8_1.276;2718.00;9_2.44;1182.95,1037.22;2692.00;2;2.96;;;;
2691.00;8_1.276;2718.00;9_2.44;;;;;1182.95,1037.22;2692.00;2;3.70
2703.00;8_1.292;2707.00;8_1.284;1194.03,1019.75;2704.00;2;2.89;;;;
2703.00;8_1.292;2707.00;8_1.284;;;;;1194.03,1019.75;2704.00;2;3.72
2717.00;9_2.43;2741.00;8_1.309;1177.05,1039.68;2718.00;3;3.44;;;;
2717.00;9_2.43;2741.00;8_1.309;;;;;1180.49,1035.17;2717.00;3;3.40
2717.00;8_1.309;2741.00;9_2.43;1177.05,1039.68;2718.00;2;3.44;;;;
2717.00;8_1.309;2741.00;9_2.43;;;;;1180.49,1035.17;2717.00;2;3.40
2719.00;9_2.45;2746.00;8_1.308;1182.98,1037.17;2720.00;3;3.49;;;;
2719.00;9_2.45;2746.00;8_1.308;;;;;1184.87,1034.69;2719.00;3;3.39
2719.00;8_1.308;2746.00;9_2.45;1182.98,1037.17;2720.00;2;3.49;;;;
2719.00;8_1.308;2746.00;9_2.45;;;;;1184.87,1034.69;2719.00;2;3.39
2734.00;10_2.4;2754.00;8_1.314;1182.54,1037.75;2736.00;3;2.92;;;;
2734.00;10_2.4;2754.00;8_1.314;;;;;1184.88,1034.67;2735.00;3;4.03
2734.00;8_1.314;2754.00;10_2.4;1182.54,1037.75;2736.00;2;2.92;;;;
2734.00;8_1.314;2754.00;10_2.4;;;;;1184.88,1034.67;2735.00;2;4.03
2747.00;10_2.7;2774.00;8_1.329;1179.14,1036.93;2749.00;3;3.12;;;;
2747.00;10_2.7;2774.00;8_1.329;;;;;1181.91,1033.31;2748.00;3;3.40
2747.00;8_1.329;2774.00;10_2.7;1179.14,1036.93;2749.00;2;3.12;;;;
2747.00;8_1.329;2774.00;10_2.7;;;;;1181.91,1033.31;2748.00;2;3.40
2755.00;10_2.0;2783.00;8_1.335;1180.61,1040.28;2757.00;3;2.85;;;;
2755.00;10_2.0;2783.00;8_1.335;;;;;1183.33,1036.71;2756.00;3;3.85
2755.00;8_1.335;2783.00;10_2.0;1180.61,1040.28;2757.00;2;2.85;;;;
2755.00;8_1.335;2783.00;10_2.0;;;;;1183.33,1036.71;2756.00;2;3.85
2779.00;10_2.11;2805.00;8_1.360;1182.71,1037.53;2780.00;3;3.13;;;;
2779.00;10_2.11;2805.00;8_1.360;;;;;1185.10,1034.39;2779.00;3;3.49
2779.00;8_1.360;2805.00;10_2.11;1182.71,1037.53;2780.00;2;3.13;;;;
2779.00;8_1.360;2805.00;10_2.11;;;;;1185.10,1034.39;2779.00;2;3.49
2788.00;9_1.7;2808.00;10_2.12;1179.11,1036.98;2789.00;2;3.35;;;;
2788.00;9_1.7;2808.00;10_2.12;;;;;1181.90,1033.32;2788.00;2;3.48
2788.00;10_2.12;2808.00;9_1.7;1179.11,1036.98;2789.00;3;3.35;;;;
2788.00;10_2.12;2808.00;9_1.7;;;;;1181.90,1033.32;2788.00;3;3.48
2816.00;10_2.17;2843.00;9_1.34;1178.11,1038.30;2818.00;3;3.17;;;;
2816.00;10_2.17;2843.00;9_1.34;;;;;1180.80,1034.77;2817.00;3;3.49
2816.00;9_1.34;2843.00;10_2.17;1178.11,1038.30;2818.00;2;3.17;;;;
2816.00;9_1.34;2843.00;10_2.17;;;;;1180.80,1034.77;2817.00;2;3.49
2824.00;9_1.40;2851.00;10_2.18;1178.43,1043.14;2826.00;2;3.29;;;;
2824.00;9_1.40;2851.00;10_2.18;;;;;1184.50,1035.17;2824.00;2;3.47
2824.00;10_2.18;2851.00;9_1.40;1178.43,1043.14;2826.00;3;3.29;;;;
2824.00;10_2.18;2851.00;9_1.40;;;;;1184.50,1035.17;2824.00;3;3.47
2917.00;9_1.131;2936.00;10_2.32;1179.62,1036.31;2917.00;2;3.55;;;;
2917.00;9_1.131;2936.00;10_2.32;;;;;1179.62,1036.31;2917.00;2;3.38
2917.00;10_2.32;2936.00;9_1.131;1179.62,1036.31;2917.00;3;3.55;;;;
2917.00;10_2.32;2936.00;9_1.131;;;;;1179.62,1036.31;2917.00;3;3.38
2946.00;9_1.168;2965.00;10_2.36;1177.89,1033.29;2946.00;2;3.23;;;;
2946.00;9_1.168;2965.00;10_2.36;;;;;1177.89,1033.29;2946.00;2;3.85
2939.00;10_2.34;2969.00;9_1.152;1184.96,1034.58;2940.00;3;2.85;;;;
2939.00;10_2.34;2969.00;9_1.152;;;;;1184.96,1034.58;2940.00;3;3.96
2946.00;10_2.36;2965.00;9_1.168;1177.89,1033.29;2946.00;3;3.23;;;;
2946.00;10_2.36;2965.00;9_1.168;;;;;1177.89,1033.29;2946.00;3;3.85
2939.00;9_1.152;2969.00;10_2.34;1184.96,1034.58;2940.00;2;2.85;;;;
2939.00;9_1.152;2969.00;10_2.34;;;;;1184.96,1034.58;2940.00;2;3.96
3000.00;10_2.44;3025.00;9_1.222;1184.67,1034.96;3000.00;3;3.41;;;;
3000.00;10_2.44;3025.00;9_1.222;;;;;1184.67,1034.96;3000.00;3;3.86
3000.00;9_1.222;3025.00;10_2.44;1184.67,1034.96;3000.00;2;3.41;;;;
3000.00;9_1.222;3025.00;10_2.44;;;;;1184.67,1034.96;3000.00;2;3.86
3024.00;11_2.0;3049.00;9_1.249;1177.56,1039.01;3026.00;3;3.15;;;;
3024.00;11_2.0;3049.00;9_1.249;;;;;1180.51,1035.14;3025.00;3;3.37
3024.00;9_1.249;3049.00;11_2.0;1177.56,1039.01;3026.00;2;3.15;;;;
3024.00;9_1.249;3049.00;11_2.0;;;;;1180.51,1035.14;3025.00;2;3.37
3117.00;11_3.16;3142.00;11_3.18;869.62,1451.54;3120.00;3;2.22;;;;
3117.00;11_3.16;3142.00;11_3.18;;;;;871.29,1449.36;3119.00;3;4.91
3117.00;11_3.18;3142.00;11_3.16;869.62,1451.54;3120.00;2;2.22;;;;
3117.00;11_3.18;3142.00;11_3.16;;;;;871.29,1449.36;3119.00;2;4.91
3905.00;14_2.0;3929.00;12_1.128;1177.29,1039.36;3906.00;3;3.16;;;;
3905.00;14_2.0;3929.00;12_1.128;;;;;1180.20,1035.55;3905.00;3;3.75
3905.00;12_1.128;3929.00;14_2.0;1177.29,1039.36;3906.00;2;3.16;;;;
3905.00;12_1.128;3929.00;14_2.0;;;;;1180.20,1035.55;3905.00;2;3.75
4201.00;15_2.0;4219.00;13_1.43;1182.29,1038.08;4202.00;3;3.17;;;;
4201.00;15_2.0;4219.00;13_1.43;;;;;1182.29,1038.08;4202.00;3;3.40
4201.00;13_1.43;4219.00;15_2.0;1182.29,1038.08;4202.00;2;3.17;;;;
4201.00;13_1.43;4219.00;15_2.0;;;;;1182.29,1038.08;4202.00;2;3.40
4209.00;15_2.1;4227.00;13_1.64;1180.75,1034.82;4209.00;3;3.26;;;;
4209.00;15_2.1;4227.00;13_1.64;;;;;1180.75,1034.82;4209.00;3;3.83
4209.00;13_1.64;4227.00;15_2.1;1180.75,1034.82;4209.00;2;3.26;;;;
4209.00;13_1.64;4227.00;15_2.1;;;;;1180.75,1034.82;4209.00;2;3.83
4227.00;15_2.4;4244.00;13_1.77;1179.90,1041.21;4228.00;3;3.59;;;;
4227.00;15_2.4;4244.00;13_1.77;;;;;1183.11,1037.01;4227.00;3;3.80
4227.00;13_1.77;4244.00;15_2.4;1179.90,1041.21;4228.00;2;3.59;;;;
4227.00;13_1.77;4244.00;15_2.4;;;;;1183.11,1037.01;4227.00;2;3.80
4256.00;15_2.8;4282.00;13_1.99;1182.19,1032.94;4256.00;3;3.25;;;;
4256.00;15_2.8;4282.00;13_1.99;;;;;1182.19,1032.94;4256.00;3;3.90
4256.00;13_1.99;4282.00;15_2.8;1182.19,1032.94;4256.00;2;3.25;;;;
4256.00;13_1.99;4282.00;15_2.8;;;;;1182.19,1032.94;4256.00;2;3.90
4279.00;15_2.9;4304.00;13_1.123;1177.39,1033.95;4280.00;3;3.20;;;;
4279.00;15_2.9;4304.00;13_1.123;;;;;1179.75,1030.86;4279.00;3;3.71
4279.00;13_1.123;4304.00;15_2.9;1177.39,1033.95;4280.00;2;3.20;;;;
4279.00;13_1.123;4304.00;15_2.9;;;;;1179.75,1030.86;4279.00;2;3.71
4321.00;15_2.17;4346.00;13_1.176;1183.06,1037.06;4322.00;3;2.95;;;;
4321.00;15_2.17;4346.00;13_1.176;;;;;1185.01,1034.51;4321.00;3;4.06
4334.00;15_2.14;4350.00;13_1.179;1182.19,1038.21;4335.00;3;3.42;;;;
4334.00;15_2.14;4350.00;13_1.179;;;;;1184.79,1034.80;4334.00;3;4.01
4321.00;13_1.176;4346.00;15_2.17;1183.06,1037.06;4322.00;2;2.95;;;;
4321.00;13_1.176;4346.00;15_2.17;;;;;1185.01,1034.51;4321.00;2;4.06
4337.00;15_2.11;4362.00;13_1.185;1176.76,1040.06;4338.00;3;3.67;;;;
4337.00;15_2.11;4362.00;13_1.185;;;;;1179.96,1035.87;4337.00;3;3.39
4334.00;13_1.179;4349.00;15_2.14;1182.19,1038.21;4335.00;2;3.42;;;;
4334.00;13_1.179;4349.00;15_2.14;;;;;1184.79,1034.80;4334.00;2;4.01
4337.00;13_1.185;4362.00;15_2.11;1176.76,1040.06;4338.00;2;3.67;;;;
4337.00;13_1.185;4362.00;15_2.11;;;;;1179.96,1035.87;4337.00;2;3.39
4351.00;15_2.23;4376.00;13_1.190;1182.44,1037.88;4352.00;3;3.12;;;;
4351.00;15_2.23;4376.00;13_1.190;;;;;1184.96,1034.58;4351.00;3;3.77
4351.00;13_1.190;4376.00;15_2.23;1182.44,1037.88;4352.00;2;3.12;;;;
4351.00;13_1.190;4376.00;15_2.23;;;;;1184.96,1034.58;4351.00;2;3.77
4379.00;15_2.28;4406.00;13_1.222;1178.25,1038.10;4380.00;3;3.08;;;;
4379.00;15_2.28;4406.00;13_1.222;;;;;1180.86,1034.68;4379.00;3;3.66
4379.00;13_1.222;4406.00;15_2.28;1178.25,1038.10;4380.00;2;3.08;;;;
4379.00;13_1.222;4406.00;15_2.28;;;;;1180.86,1034.68;4379.00;2;3.66
4381.00;15_2.27;4409.00;13_1.225;1184.80,1034.78;4382.00;3;2.89;;;;
4381.00;15_2.27;4409.00;13_1.225;;;;;1184.80,1034.78;4382.00;3;4.03
4381.00;13_1.225;4409.00;15_2.27;1184.80,1034.78;4382.00;2;2.89;;;;
4381.00;13_1.225;4409.00;15_2.27;;;;;1184.80,1034.78;4382.00;2;4.03
4397.00;15_2.30;4423.00;13_1.236;1179.56,1036.39;4398.00;3;3.62;;;;
4397.00;15_2.30;4423.00;13_1.236;;;;;1182.08,1033.08;4397.00;3;3.43
4397.00;13_1.236;4423.00;15_2.30;1179.56,1036.39;4398.00;2;3.62;;;;
4397.00;13_1.236;4423.00;15_2.30;;;;;1182.08,1033.08;4397.00;2;3.43
4416.00;15_2.34;4443.00;13_1.247;1179.79,1036.09;4417.00;3;2.90;;;;
4416.00;15_2.34;4443.00;13_1.247;;;;;1182.01,1033.17;4416.00;3;3.92
4416.00;13_1.247;4443.00;15_2.34;1179.79,1036.09;4417.00;2;2.90;;;;
4416.00;13_1.247;4443.00;15_2.34;;;;;1182.01,1033.17;4416.00;2;3.92
4444.00;15_2.37;4472.00;13_1.284;1181.18,1034.27;4446.00;3;2.68;;;;
4444.00;15_2.37;4472.00;13_1.284;;;;;1183.00,1031.88;4445.00;3;4.45
4444.00;13_1.284;4472.00;15_2.37;1181.18,1034.27;4446.00;2;2.68;;;;
4444.00;13_1.284;4472.00;15_2.37;;;;;1183.00,1031.88;4445.00;2;4.45
4480.00;15_2.41;4507.00;13_1.325;1180.38,1035.32;4482.00;3;2.80;;;;
4480.00;15_2.41;4507.00;13_1.325;;;;;1182.48,1032.56;4481.00;3;4.37
4480.00;13_1.325;4507.00;15_2.41;1180.38,1035.32;4482.00;2;2.80;;;;
4480.00;13_1.325;4507.00;15_2.41;;;;;1182.48,1032.56;4481.00;2;4.37
4513.00;15_2.48;4540.00;14_1.7;1180.13,1040.91;4516.00;3;2.67;;;;
4513.00;15_2.48;4540.00;14_1.7;;;;;1185.06,1034.44;4514.00;3;4.32
4513.00;14_1.7;4540.00;15_2.48;1180.13,1040.91;4516.00;2;2.67;;;;
4513.00;14_1.7;4540.00;15_2.48;;;;;1185.06,1034.44;4514.00;2;4.32
5105.00;18_2.0;5132.00;15_1.222;1182.49,1037.81;5106.00;3;3.25;;;;
5105.00;18_2.0;5132.00;15_1.222;;;;;1182.49,1037.81;5106.00;3;3.53
5105.00;15_1.222;5132.00;18_2.0;1182.49,1037.81;5106.00;2;3.25;;;;
5105.00;15_1.222;5132.00;18_2.0;;;;;1182.49,1037.81;5106.00;2;3.53
5119.00;18_2.3;5144.00;15_1.235;1183.20,1036.88;5120.00;3;2.94;;;;
5119.00;18_2.3;5144.00;15_1.235;;;;;1184.99,1034.54;5119.00;3;4.08
5119.00;15_1.235;5144.00;18_2.3;1183.20,1036.88;5120.00;2;2.94;;;;
5119.00;15_1.235;5144.00;18_2.3;;;;;1184.99,1034.54;5119.00;2;4.08
5135.00;18_2.5;5161.00;15_1.252;1179.62,1036.31;5135.00;3;3.78;;;;
5135.00;18_2.5;5161.00;15_1.252;;;;;1179.62,1036.31;5135.00;3;3.36
5135.00;15_1.252;5161.00;18_2.5;1179.62,1036.31;5135.00;2;3.78;;;;
5135.00;15_1.252;5161.00;18_2.5;;;;;1179.62,1036.31;5135.00;2;3.36
5146.00;18_2.9;5173.00;15_1.256;1182.41,1037.92;5147.00;3;3.28;;;;
5146.00;18_2.9;5173.00;15_1.256;;;;;1184.71,1034.90;5146.00;3;3.90
5146.00;15_1.256;5173.00;18_2.9;1182.41,1037.92;5147.00;2;3.28;;;;
5146.00;15_1.256;5173.00;18_2.9;;;;;1184.71,1034.90;5146.00;2;3.90
5200.00;15_1.323;5223.00;18_2.18;1175.83,1036.00;5200.00;2;3.74;;;;
5200.00;15_1.323;5223.00;18_2.18;;;;;1175.83,1036.00;5200.00;2;3.53
5200.00;18_2.18;5223.00;15_1.323;1175.83,1036.00;5200.00;3;3.74;;;;
5200.00;18_2.18;5223.00;15_1.323;;;;;1175.83,1036.00;5200.00;3;3.53
5217.00;18_2.15;5242.00;15_1.334;1170.12,1043.49;5219.00;3;3.63;;;;
5217.00;18_2.15;5242.00;15_1.334;;;;;1177.59,1033.69;5217.00;3;3.47
5217.00;15_1.334;5242.00;18_2.15;1170.12,1043.49;5219.00;2;3.63;;;;
5217.00;15_1.334;5242.00;18_2.15;;;;;1177.59,1033.69;5217.00;2;3.47
5218.00;18_2.23;5245.00;15_1.321;1179.71,1041.47;5220.00;3;3.10;;;;
5218.00;18_2.23;5245.00;15_1.321;;;;;1182.75,1037.47;5219.00;3;3.49
5218.00;15_1.321;5245.00;18_2.23;1179.71,1041.47;5220.00;2;3.10;;;;
5218.00;15_1.321;5245.00;18_2.23;;;;;1182.75,1037.47;5219.00;2;3.49
5251.00;18_2.22;5276.00;15_1.361;1182.20,1038.19;5252.00;3;3.34;;;;
5251.00;18_2.22;5276.00;15_1.361;;;;;1184.66,1034.96;5251.00;3;3.61
5251.00;15_1.361;5276.00;18_2.22;1182.20,1038.19;5252.00;2;3.34;;;;
5251.00;15_1.361;5276.00;18_2.22;;;;;1184.66,1034.96;5251.00;2;3.61
5258.00;18_2.27;5284.00;16_1.3;1182.33,1032.75;5258.00;3;3.16;;;;
5258.00;18_2.27;5284.00;16_1.3;;;;;1182.33,1032.75;5258.00;3;4.03
5258.00;16_1.3;5284.00;18_2.27;1182.33,1032.75;5258.00;2;3.16;;;;
5258.00;16_1.3;5284.00;18_2.27;;;;;1182.33,1032.75;5258.00;2;4.03
5283.00;18_2.37;5309.00;16_1.30;1180.02,1035.79;5284.00;3;3.33;;;;
5283.00;18_2.37;5309.00;16_1.30;;;;;1182.46,1032.58;5283.00;3;3.71
5283.00;16_1.30;5309.00;18_2.37;1180.02,1035.79;5284.00;2;3.33;;;;
5283.00;16_1.30;5309.00;18_2.37;;;;;1182.46,1032.58;5283.00;2;3.71
5333.00;18_2.43;5358.00;16_1.85;1182.04,1038.41;5334.00;3;3.07;;;;
5333.00;18_2.43;5358.00;16_1.85;;;;;1184.50,1035.18;5333.00;3;3.61
5333.00;16_1.85;5358.00;18_2.43;1182.04,1038.41;5334.00;2;3.07;;;;
5333.00;16_1.85;5358.00;18_2.43;;;;;1184.50,1035.18;5333.00;2;3.61
5338.00;18_2.48;5361.00;16_1.79;1176.92,1034.56;5338.00;3;3.46;;;;
5338.00;18_2.48;5361.00;16_1.79;;;;;1176.92,1034.56;5338.00;3;3.44
5338.00;16_1.79;5361.00;18_2.48;1176.92,1034.56;5338.00;2;3.46;;;;
5338.00;16_1.79;5361.00;18_2.48;;;;;1176.92,1034.56;5338.00;2;3.44
5348.00;18_2.39;5377.00;16_1.98;1182.48,1037.83;5350.00;3;2.67;;;;
5348.00;18_2.39;5377.00;16_1.98;;;;;1185.97,1033.25;5348.00;3;3.53
5348.00;16_1.98;5377.00;18_2.39;1182.48,1037.83;5350.00;2;2.67;;;;
5348.00;16_1.98;5377.00;18_2.39;;;;;1185.97,1033.25;5348.00;2;3.53
5356.00;16_1.101;5386.00;18_2.49;1183.09,1037.03;5358.00;2;2.30;;;;
5356.00;16_1.101;5386.00;18_2.49;;;;;1185.13,1034.36;5357.00;2;3.84
5356.00;18_2.49;5386.00;16_1.101;1183.09,1037.03;5358.00;3;2.30;;;;
5356.00;18_2.49;5386.00;16_1.101;;;;;1185.13,1034.36;5357.00;3;3.84
5365.00;18_2.53;5393.00;16_1.109;1175.14,1036.90;5366.00;3;3.17;;;;
5365.00;18_2.53;5393.00;16_1.109;;;;;1178.10,1033.02;5365.00;3;3.49
5365.00;16_1.109;5393.00;18_2.53;1175.14,1036.90;5366.00;2;3.17;;;;
5365.00;16_1.109;5393.00;18_2.53;;;;;1178.10,1033.02;5365.00;2;3.49
5363.00;18_2.46;5398.00;16_1.110;1176.30,1040.66;5366.00;3;2.76;;;;
5363.00;18_2.46;5398.00;16_1.110;;;;;1181.24,1034.18;5364.00;3;3.73
5363.00;16_1.110;5398.00;18_2.46;1176.30,1040.66;5366.00;2;2.76;;;;
5363.00;16_1.110;5398.00;18_2.46;;;;;1181.24,1034.18;5364.00;2;3.73
5377.00;18_2.54;5412.00;16_1.124;1184.34,1035.39;5379.00;3;1.88;;;;
5377.00;18_2.54;5412.00;16_1.124;;;;;1184.34,1035.39;5379.00;3;3.76
5377.00;16_1.124;5412.00;18_2.54;1184.34,1035.39;5379.00;2;1.88;;;;
5377.00;16_1.124;5412.00;18_2.54;;;;;1184.34,1035.39;5379.00;2;3.76
5423.00;18_2.69;5446.00;16_1.171;1176.36,1035.30;5423.00;3;3.80;;;;
5423.00;18_2.69;5446.00;16_1.171;;;;;1176.36,1035.30;5423.00;3;3.41
5423.00;16_1.171;5446.00;18_2.69;1176.36,1035.30;5423.00;2;3.80;;;;
5423.00;16_1.171;5446.00;18_2.69;;;;;1176.36,1035.30;5423.00;2;3.41
5426.00;18_2.64;5454.00;16_1.170;1185.17,1034.30;5427.00;3;2.67;;;;
5426.00;18_2.64;5454.00;16_1.170;;;;;1185.17,1034.30;5427.00;3;4.03
5426.00;16_1.170;5454.00;18_2.64;1185.17,1034.30;5427.00;2;2.67;;;;
5426.00;16_1.170;5454.00;18_2.64;;;;;1185.17,1034.30;5427.00;2;4.03
5457.00;18_2.67;5484.00;16_1.214;1184.51,1035.17;5458.00;3;2.98;;;;
5457.00;18_2.67;5484.00;16_1.214;;;;;1184.51,1035.17;5458.00;3;3.96
5457.00;16_1.214;5484.00;18_2.67;1184.51,1035.17;5458.00;2;2.98;;;;
5457.00;16_1.214;5484.00;18_2.67;;;;;1184.51,1035.17;5458.00;2;3.96
5521.00;18_2.84;5548.00;16_1.262;1182.54,1037.75;5523.00;3;2.98;;;;
5521.00;18_2.84;5548.00;16_1.262;;;;;1184.85,1034.72;5522.00;3;4.00
5526.00;18_2.80;5550.00;16_1.269;1177.31,1034.06;5527.00;3;3.27;;;;
5526.00;18_2.80;5550.00;16_1.269;;;;;1177.31,1034.06;5527.00;3;3.45
5521.00;16_1.262;5548.00;18_2.84;1182.54,1037.75;5523.00;2;2.98;;;;
5521.00;16_1.262;5548.00;18_2.84;;;;;1184.85,1034.72;5522.00;2;4.00
5526.00;16_1.269;5550.00;18_2.80;1177.31,1034.06;5527.00;2;3.27;;;;
5526.00;16_1.269;5550.00;18_2.80;;;;;1177.31,1034.06;5527.00;2;3.45
5550.00;18_2.87;5577.00;16_1.296;1180.18,1035.58;5550.00;3;3.50;;;;
5550.00;18_2.87;5577.00;16_1.296;;;;;1180.18,1035.58;5550.00;3;3.47
5550.00;16_1.296;5577.00;18_2.87;1180.18,1035.58;5550.00;2;3.50;;;;
5550.00;16_1.296;5577.00;18_2.87;;;;;1180.18,1035.58;5550.00;2;3.47
5565.00;16_1.308;5587.00;18_2.92;1183.47,1036.53;5566.00;2;2.99;;;;
5565.00;16_1.308;5587.00;18_2.92;;;;;1183.47,1036.53;5566.00;2;3.36
5565.00;18_2.92;5587.00;16_1.308;1183.47,1036.53;5566.00;3;2.99;;;;
5565.00;18_2.92;5587.00;16_1.308;;;;;1183.47,1036.53;5566.00;3;3.36
5581.00;18_2.93;5608.00;16_1.329;1181.76,1038.78;5583.00;3;3.10;;;;
5581.00;18_2.93;5608.00;16_1.329;;;;;1184.43,1035.28;5582.00;3;3.54
5581.00;16_1.329;5608.00;18_2.93;1181.76,1038.78;5583.00;2;3.10;;;;
5581.00;16_1.329;5608.00;18_2.93;;;;;1184.43,1035.28;5582.00;2;3.54
5627.00;18_2.100;5651.00;16_1.382;1177.33,1034.02;5627.00;3;3.49;;;;
5627.00;18_2.100;5651.00;16_1.382;;;;;1177.33,1034.02;5627.00;3;3.43
5627.00;16_1.382;5651.00;18_2.100;1177.33,1034.02;5627.00;2;3.49;;;;
5627.00;16_1.382;5651.00;18_2.100;;;;;1177.33,1034.02;5627.00;2;3.43
5635.00;18_2.110;5663.00;16_1.377;1180.90,1034.63;5637.00;3;2.53;;;;
5635.00;18_2.110;5663.00;16_1.377;;;;;1182.57,1032.43;5636.00;3;3.67
5637.00;18_2.111;5664.00;16_1.376;1182.21,1038.18;5638.00;3;3.61;;;;
5637.00;18_2.111;5664.00;16_1.376;;;;;1184.85,1034.73;5637.00;3;3.49
5635.00;16_1.377;5663.00;18_2.110;1180.90,1034.63;5637.00;2;2.53;;;;
5635.00;16_1.377;5663.00;18_2.110;;;;;1182.57,1032.43;5636.00;2;3.67
5637.00;16_1.376;5664.00;18_2.111;1182.21,1038.18;5638.00;2;3.61;;;;
5637.00;16_1.376;5664.00;18_2.111;;;;;1184.85,1034.73;5637.00;2;3.49
5650.00;18_2.112;5677.00;16_1.394;1179.97,1035.85;5651.00;3;3.36;;;;
5650.00;18_2.112;5677.00;16_1.394;;;;;1179.97,1035.85;5651.00;3;3.42
5650.00;16_1.394;5677.00;18_2.112;1179.97,1035.85;5651.00;2;3.36;;;;
5650.00;16_1.394;5677.00;18_2.112;;;;;1179.97,1035.85;5651.00;2;3.42
5658.00;18_2.102;5685.00;17_1.5;1182.26,1038.11;5659.00;3;3.03;;;;
5658.00;18_2.102;5685.00;17_1.5;;;;;1184.65,1034.98;5658.00;3;3.90
5658.00;17_1.5;5685.00;18_2.102;1182.26,1038.11;5659.00;2;3.03;;;;
5658.00;17_1.5;5685.00;18_2.102;;;;;1184.65,1034.98;5658.00;2;3.90
5663.00;18_2.104;5691.00;17_1.2;1182.11,1038.32;5665.00;3;2.83;;;;
5663.00;18_2.104;5691.00;17_1.2;;;;;1184.80,1034.78;5664.00;3;3.57
5663.00;17_1.2;5691.00;18_2.104;1182.11,1038.32;5665.00;2;2.83;;;;
5663.00;17_1.2;5691.00;18_2.104;;;;;1184.80,1034.78;5664.00;2;3.57
5677.00;18_2.109;5702.00;17_1.24;1173.39,1039.20;5679.00;3;3.34;;;;
5677.00;18_2.109;5702.00;17_1.24;;;;;1179.37,1031.36;5677.00;3;3.46
5677.00;17_1.24;5702.00;18_2.109;1173.39,1039.20;5679.00;2;3.34;;;;
5677.00;17_1.24;5702.00;18_2.109;;;;;1179.37,1031.36;5677.00;2;3.46
5729.00;18_2.116;5757.00;17_1.73;1180.39,1035.30;5731.00;3;2.62;;;;
5729.00;18_2.116;5757.00;17_1.73;;;;;1182.30,1032.79;5730.00;3;3.96
5729.00;17_1.73;5757.00;18_2.116;1180.39,1035.30;5731.00;2;2.62;;;;
5729.00;17_1.73;5757.00;18_2.116;;;;;1182.30,1032.79;5730.00;2;3.96
5737.00;20_2.0;5766.00;17_1.80;1184.99,1034.53;5738.00;3;2.05;;;;
5737.00;20_2.0;5766.00;17_1.80;;;;;1184.99,1034.53;5738.00;3;4.23
5737.00;17_1.80;5766.00;20_2.0;1184.99,1034.53;5738.00;2;2.05;;;;
5737.00;17_1.80;5766.00;20_2.0;;;;;1184.99,1034.53;5738.00;2;4.23
6000.00;21_2.0;6025.00;17_1.343;1184.85,1034.72;6001.00;3;2.87;;;;
6000.00;21_2.0;6025.00;17_1.343;;;;;1184.85,1034.72;6001.00;3;4.31
6000.00;17_1.343;6025.00;21_2.0;1184.85,1034.72;6001.00;2;2.87;;;;
6000.00;17_1.343;6025.00;21_2.0;;;;;1184.85,1034.72;6001.00;2;4.31
6052.00;18_1.28;6080.00;21_2.2;1184.47,1035.22;6053.00;2;2.99;;;;
6052.00;18_1.28;6080.00;21_2.2;;;;;1184.47,1035.22;6053.00;2;3.88
6052.00;21_2.2;6080.00;18_1.28;1184.47,1035.22;6053.00;3;2.99;;;;
6052.00;21_2.2;6080.00;18_1.28;;;;;1184.47,1035.22;6053.00;3;3.88
6111.00;21_2.5;6135.00;18_1.90;1174.05,1043.62;6113.00;3;3.51;;;;
6111.00;21_2.5;6135.00;18_1.90;;;;;1180.84,1034.70;6111.00;3;3.83
6111.00;18_1.90;6135.00;21_2.5;1174.05,1043.62;6113.00;2;3.51;;;;
6111.00;18_1.90;6135.00;21_2.5;;;;;1180.84,1034.70;6111.00;2;3.83
6199.00;18_1.179;6217.00;21_2.9;1177.46,1033.86;6199.00;2;3.56;;;;
6199.00;18_1.179;6217.00;21_2.9;;;;;1177.46,1033.86;6199.00;2;3.53
6199.00;21_2.9;6217.00;18_1.179;1177.46,1033.86;6199.00;3;3.56;;;;
6199.00;21_2.9;6217.00;18_1.179;;;;;1177.46,1033.86;6199.00;3;3.53
6916.00;24_2.1;6941.00;20_1.268;1179.54,1036.42;6917.00;3;3.28;;;;
6916.00;24_2.1;6941.00;20_1.268;;;;;1181.96,1033.23;6916.00;3;3.89
6916.00;20_1.268;6941.00;24_2.1;1179.54,1036.42;6917.00;2;3.28;;;;
6916.00;20_1.268;6941.00;24_2.1;;;;;1181.96,1033.23;6916.00;2;3.89
6933.00;24_2.4;6959.00;20_1.283;1182.31,1038.05;6935.00;3;2.79;;;;
6933.00;24_2.4;6959.00;20_1.283;;;;;1184.67,1034.96;6934.00;3;3.51
6933.00;20_1.283;6959.00;24_2.4;1182.31,1038.05;6935.00;2;2.79;;;;
6933.00;20_1.283;6959.00;24_2.4;;;;;1184.67,1034.96;6934.00;2;3.51
7010.00;24_2.13;7034.00;20_1.361;1177.61,1038.95;7011.00;3;3.51;;;;
7010.00;24_2.13;7034.00;20_1.361;;;;;1180.54,1035.10;7010.00;3;3.46
7010.00;20_1.361;7034.00;24_2.13;1177.61,1038.95;7011.00;2;3.51;;;;
7010.00;20_1.361;7034.00;24_2.13;;;;;1180.54,1035.10;7010.00;2;3.46
7106.00;24_2.23;7132.00;21_1.88;1177.45,1039.15;7108.00;3;2.99;;;;
7106.00;24_2.23;7132.00;21_1.88;;;;;1182.38,1032.68;7106.00;3;4.18
7106.00;21_1.88;7132.00;24_2.23;1177.45,1039.15;7108.00;2;2.99;;;;
7106.00;21_1.88;7132.00;24_2.23;;;;;1182.38,1032.68;7106.00;2;4.18
7163.00;24_2.31;7190.00;21_1.132;1179.73,1036.17;7164.00;3;3.18;;;;
7163.00;24_2.31;7190.00;21_1.132;;;;;1182.36,1032.72;7163.00;3;3.57
7163.00;21_1.132;7190.00;24_2.31;1179.73,1036.17;7164.00;2;3.18;;;;
7163.00;21_1.132;7190.00;24_2.31;;;;;1182.36,1032.72;7163.00;2;3.57
